4033,BARAA,216
4034,DARAJA II,216
4035,ELERAI,216
4036,ENGUTOTO,216
4037,KALOLENI,216
4038,KATI,216
4039,KIMANDOLU,216
4040,LEMARA,216
4041,LEVOLOSI,216
4042,MOSHONO,216
4043,Moivaro,216
4044,Muriet,216
4045,NGARENARO,216
4046,OLASITI,216
4047,OLORIENI,216
4048,Olmoti,216
4049,Osunyai Jr,216
4050,SEKEI,216
4051,SOKON 1,216
4052,SOMBETINI,216
4053,Sakina,216
4054,Sinoni,216
4055,TERRAT,216
4056,THEMI,216
4057,UNGA LIMITED,216
4058,Bangata,217
4059,Bwawani,217
4060,Ilboru,217
4061,Ilkiding'a,217
4062,Kimnyaki,217
4063,Kiranyi,217
4064,Kisongo,217
4065,Kiutu,217
4066,Laroi,217
4067,Lemanyata,217
4068,Mateves,217
4069,Mlangarini,217
4070,Moivo,217
4071,Musa,217
4072,Mwandet,217
4073,Nduruma,217
4074,Oldonyosambu,217
4075,Oldonyowass,217
4076,Oljoro,217
4077,Olkokola,217
4078,Olmotonyi,217
4079,Olorien,217
4080,Olturoto,217
4081,Olturumet,217
4082,Sambasha,217
4083,Sokon II,217
4084,Tarakwa,217
4085,Akheri,218
4086,Ambureni,218
4087,Imbaseni,218
4088,Kikatiti,218
4089,Kikwe,218
4090,King'ori,218
4091,Leguruki,218
4092,Majengo,218
4093,Maji ya Chai,218
4094,Makiba,218
4095,Malula,218
4096,Maroroni,218
4097,Maruvango,218
4098,Mbuguni,218
4099,Ngabobo,218
4100,Ngarenanyuki,218
4101,Nkoanekoli,218
4102,Nkoanrua,218
4103,Nkoaranga,218
4104,Nkoarisambu,218
4105,Poli,218
4106,Seela Sing'isi,218
4107,Shambarai Burka,218
4108,Songoro,218
4109,Usa River,218
4110,Uwiro,218
4111,Engaruka,219
4112,Engutoto,219
4113,Esilalei,219
4114,Lashaine,219
4115,Lemooti,219
4116,Lepurko,219
4117,Lolkisale,219
4118,Majengo,219
4119,Makuyuni,219
4120,Meserani,219
4121,Mfereji,219
4122,Migungani,219
4123,Moita,219
4124,Monduli Juu,219
4125,Monduli Mjini,219
4126,Mswakini,219
4127,Mto wa mbu,219
4128,Naalarami,219
4129,Selela,219
4130,Sepeko,219
4131,Elang'atadapash,220
4132,Engarenaibor,220
4133,Engikaret,220
4134,Gelai Lumbwa,220
4135,Gelai Meirugoi,220
4136,Ilorienito,220
4137,Kamwanga,220
4138,Ketumbeine,220
4139,Kimokouwa,220
4140,Longido,220
4141,Matale A,220
4142,Mundarara,220
4143,Namanga,220
4144,Noondoto,220
4145,Olmolog,220
4146,Orbomba,220
4147,Sinya,220
4148,Tingatinga,220
4149,Baray,221
4150,Buger,221
4151,Daa,221
4152,Endabashi,221
4153,Endamaghang,221
4154,Endamarariek,221
4155,Ganako,221
4156,Kansay,221
4157,Karatu,221
4158,Mang'ola,221
4159,Mbulumbulu,221
4160,Oldeani,221
4161,Qurus,221
4162,Rhotia,221
4163,Alailelai,222
4164,Alaitolei,222
4165,Arash,222
4166,Digodigo,222
4167,Enduleni,222
4168,Engaresero,222
4169,Enguserosambu,222
4170,Eyasi,222
4171,Kakesio,222
4172,Kirangi,222
4173,Maalon,222
4174,Malambo,222
4175,Misigiyo,222
4176,Nainokanoka,222
4177,Naiyobi,222
4178,Ngoile,222
4179,Ngorongoro,222
4180,Olbalbal,222
4181,Oldonyosambu,222
4182,Oloipiri,222
4183,Oloirien/ Magaiduru,222
4184,Ololosokwan,222
4185,Orgosorok,222
4186,Pinyinyi,222
4187,Piyaya,222
4188,Sale,222
4189,Samunge,222
4190,Soitsambu,222
4191,GEREZANI,223
4192,JANGWANI,223
4193,KARIAKOO,223
4194,KISUTU,223
4195,KIVUKONI,223
4196,MCHAFUKOGE,223
4197,MCHIKICHINI,223
4198,UPANGA MAGHARIBI,223
4199,UPANGA MASHARIKI                    ,223
4200,BUGURUNI,224
4201,Bonyokwa,224
4202,Buyuni,224
4203,CHANIKA,224
4204,GONGO LA MBOTO,224
4205,ILALA,224
4206,KIMANGA,224
4207,KINYEREZI,224
4208,KIPAWA,224
4209,KITUNDA,224
4210,KIVULE,224
4211,KIWALANI,224
4212,Kipunguni,224
4213,Kisukulu,224
4214,Liwiti,224
4215,MAJOHE,224
4216,MSONGOLA,224
4217,Minazi Mirefu,224
4218,Mnyamani,224
4219,Mzinga,224
4220,PUGU,224
4221,Pugu Station,224
4222,SEGEREA,224
4223,TABATA,224
4224,UKONGA,224
4225,VINGUNGUTI,224
4226,Zingiziwa,224
4227,BUNJU,225
4228,HANANASIF,225
4229,KAWE,225
4230,KIGOGO,225
4231,KIJITONYAMA,225
4232,KINONDONI,225
4233,KUNDUCHI,225
4234,MABWEPANDE,225
4235,MAGOMENI,225
4236,MAKONGO,225
4237,MAKUMBUSHO,225
4238,MBEZI JUU,225
4239,MBWENI,225
4240,MIKOCHENI,225
4241,MSASANI,225
4242,MWANANYAMALA,225
4243,MZIMUNI,225
4244,NDUGUMBI,225
4245,TANDALE,225
4246,WAZO,225
4247,AZIMIO,226
4248,BUZA,226
4249,CHAMAZI,226
4250,CHANG’OMBE,226
4251,CHARAMBE,226
4252,KEKO,226
4253,KIBURUGWA,226
4254,KIJICHI,226
4255,KILAKALA,226
4256,KURASINI,226
4257,Kibondemaji,226
4258,Kilungule,226
4259,MAKANGARAWE,226
4260,MBAGALA,226
4261,MBAGALA KUU,226
4262,MIANZINI,226
4263,MIBURANI,226
4264,MTONI,226
4265,SANDALI,226
4266,TANDIKA,226
4267,TEMEKE,226
4268,TOANGOMA,226
4269,YOMBO VITUKA,226
4270,Goba,227
4271,Kibamba,227
4272,Kimara,227
4273,Kwembe,227
4274,Mabibo,227
4275,Makuburi,227
4276,Makurumla,227
4277,Manzese,227
4278,Mbezi,227
4279,Mburahati,227
4280,Msigani,227
4281,Saranga,227
4282,Sinza,227
4283,Ubungo,227
4284,Kibada,228
4285,Kigamboni,228
4286,Kimbiji,228
4287,Kisarawe II,228
4288,Mjimwema,228
4289,Pembamnazi,228
4290,Somangila,228
4291,Tungi,228
4292,Vijibweni,228
4293,Chamwino,229
4294,Dodoma Makulu,229
4295,Hazina,229
4296,Ihumwa,229
4297,Kikuyu kaskazini,229
4298,Kikuyu kusini,229
4299,Kilimani,229
4300,Kiwanja cha Ndege,229
4301,Kizota,229
4302,Madukani,229
4303,Majengo,229
4304,Makole,229
4305,Matumbulu,229
4306,Miyuji,229
4307,Mkonze,229
4308,Ng'onng'onha,229
4309,Nkuhungu,229
4310,Tambukareli,229
4311,Uhuru,229
4312,Viwandani,229
4313,Chahwa,230
4314,Chang'ombe,230
4315,Chigongwe,230
4316,Chihanga,230
4317,Hombolo  Bwawani,230
4318,Hombolo Makulu,230
4319,Ipagala,230
4320,Ipala,230
4321,Iyumbu,230
4322,Kikombo,230
4323,Makutopora,230
4324,Mbabala,230
4325,Mbalawala,230
4326,Mnadani,230
4327,Mpunguzi,230
4328,Msalato,230
4329,Mtumba,230
4330,Nala,230
4331,Ntyuka,230
4332,Nzuguni,230
4333,Zuzu,230
4334,Babayu,231
4335,Bahi,231
4336,Chali,231
4337,Chibelela,231
4338,Chifutuka,231
4339,Chikola,231
4340,Chipanga,231
4341,Ibihwa,231
4342,Ibugule,231
4343,Ilindi,231
4344,Kigwe,231
4345,Lamaiti,231
4346,Makanda,231
4347,Mpalanga,231
4348,Mpamamtwa,231
4349,Mpinga,231
4350,Msisi,231
4351,Mtitaa,231
4352,Mundemu,231
4353,Mwitikira,231
4354,Nondwa,231
4355,Zanka,231
4356,Buigiri,232
4357,Chamwino,232
4358,Chiboli,232
4359,Chilonwa,232
4360,Chinugulu,232
4361,Dabalo,232
4362,Fufu,232
4363,Handali,232
4364,Haneti,232
4365,Huzi,232
4366,Idifu,232
4367,Igandu,232
4368,Ikombolinga,232
4369,Ikowa,232
4370,Iringa Mvumi,232
4371,Itiso,232
4372,Loje,232
4373,Majeleko,232
4374,Makang'wa,232
4375,Manchali,232
4376,Manda,232
4377,Manzase,232
4378,Membe,232
4379,Mlowa  Barabarani,232
4380,Mlowa bwawani,232
4381,Mpwayungu,232
4382,Msamalo,232
4383,Msanga,232
4384,Muungano,232
4385,Mvumi Makulu,232
4386,Mvumi Misheni,232
4387,Nghaheleze,232
4388,Nghambaku,232
4389,Nhinhi,232
4390,Segala,232
4391,Zajilwa,232
4392,Chamkoroma,233
4393,Chitego,233
4394,Chiwe,233
4395,Hogoro,233
4396,Iduo,233
4397,Kibaigwa,233
4398,Kongwa ,233
4399,Lenjulu,233
4400,Makawa,233
4401,Matongoro,233
4402,Mkoka,233
4403,Mlali,233
4404,Mtanana,233
4405,Nghumbi,233
4406,Ngomai,233
4407,Njoge,233
4408,Pandambili,233
4409,Sagara,233
4410,Sejeli,233
4411,Songambele,233
4412,Ugogoni,233
4413,Zoissa,233
4414,Berege,234
4415,Chipogoro,234
4416,Chitemo,234
4417,Chunyu,234
4418,Galigali,234
4419,Godegode,234
4420,Gulwe,234
4421,Ipera,234
4422,Iwondo,234
4423,Kibakwe,234
4424,Kimagai,234
4425,Kingiti,234
4426,Lufu,234
4427,Luhundwa,234
4428,Lumuma,234
4429,Lupeta,234
4430,Malolo,234
4431,Mang'aliza,234
4432,Massa,234
4433,Matomondo,234
4434,Mazae,234
4435,Mbuga,234
4436,Mima,234
4437,Mlembule,234
4438,Mlunduzi,234
4439,Mpwapwa Mjini,234
4440,Mtera,234
4441,Nghambi,234
4442,Pwaga,234
4443,Rudi,234
4444,Ving'hawe,234
4445,Wangi,234
4446,Wotta,234
4447,Bereko,235
4448,Bolisa,235
4449,Bumbuta,235
4450,Busi,235
4451,Changaa,235
4452,Chemchem,235
4453,Haubi,235
4454,Hondomairo,235
4455,Itaswi,235
4456,Itololo,235
4457,Kalamba,235
4458,Keikei,235
4459,Kikilo,235
4460,Kikore,235
4461,Kilimani,235
4462,Kingale,235
4463,Kinyasi ,235
4464,Kisese,235
4465,Kolo,235
4466,Kondoa Mjini,235
4467,Kwadelo,235
4468,Masange,235
4469,Mnenia,235
4470,Pahi,235
4471,Salanka,235
4472,Serya,235
4473,Soera,235
4474,Suruke,235
4475,Thawi,235
4476,Babayu,236
4477,Chandama,236
4478,Chemba,236
4479,Churuku,236
4480,Dalai,236
4481,Farkwa,236
4482,Goima,236
4483,Gwandi,236
4484,Jangalo,236
4485,Kidoka,236
4486,Kimaha,236
4487,Kinyamshindo,236
4488,Kwamtoro,236
4489,Lahoda,236
4490,Lalta,236
4491,Makorongo,236
4492,Mondo,236
4493,Mpendo,236
4494,Mrijo,236
4495,Msaada,236
4496,Ovada,236
4497,Paranga,236
4498,Sanzawa,236
4499,Songolo,236
4500,Soya,236
4501,Tumbakose,236
4502,Bugalama,237
4503,Bugulula,237
4504,Buhalahala,237
4505,Bujula,237
4506,Bukoli,237
4507,Bukondo,237
4508,Bulela,237
4509,Bung'wangoko,237
4510,Busanda,237
4511,Butobela,237
4512,Butundwe,237
4513,Chigunga,237
4514,Ihanamilo,237
4515,Isulwabutundwe,237
4516,Izumacheli,237
4517,Kagu,237
4518,Kakubilo,237
4519,Kalangalala,237
4520,Kamena,237
4521,Kamhanga,237
4522,Kanyala,237
4523,Kasamwa,237
4524,Kaseme,237
4525,Katoma,237
4526,Katoro,237
4527,Lubanga,237
4528,Ludete,237
4529,Lwamgasa,237
4530,Lwenzera,237
4531,Magenge,237
4532,Mgusu,237
4533,Mtakuja,237
4534,Nkome,237
4535,Nyachiluluma,237
4536,Nyakagomba,237
4537,Nyakamwaga,237
4538,Nyalwanzaja,237
4539,Nyamalimbe,237
4540,Nyamboge,237
4541,Nyamigota,237
4542,Nyamwilolelwa,237
4543,Nyanguku,237
4544,Nyankumbu,237
4545,Nyarugusu,237
4546,Nyaruyeye,237
4547,Nyawilimilwa,237
4548,Nzera(Nzela),237
4549,Senga,237
4550,Shiloleli,237
4551,Bukwimba,238
4552,Busolwa,238
4553,Izunya,238
4554,Kaboha,238
4555,Kafita,238
4556,Kakora,238
4557,Kharumwa,238
4558,Mwingiro,238
4559,Nundu,238
4560,Nyabulanda,238
4561,Nyamtukuza,238
4562,Nyang'hwale,238
4563,Nyijundu,238
4564,Nyugwa,238
4565,Shabaka,238
4566,Bukome,239
4567,Buseresere,239
4568,Butengu Rumasa,239
4569,Buziku,239
4570,Bwanga,239
4571,Bwera,239
4572,Bwina,239
4573,Bwongera,239
4574,Chato,239
4575,Ichwankima,239
4576,Ilemela,239
4577,Ilyamchele,239
4578,Iparamasa,239
4579,Kachwamba,239
4580,Kasenga,239
4581,Katende,239
4582,Kigongo,239
4583,Makurugusi,239
4584,Minkoto,239
4585,Muganza,239
4586,Muungano,239
4587,Nyamirembe,239
4588,Nyarutembo,239
4589,Bukandwe,240
4590,Bunigonzi,240
4591,Ikobe,240
4592,Ikunguigazi,240
4593,Ilolangulu,240
4594,Iponya,240
4595,Isebya,240
4596,Lugunga,240
4597,Lulembela,240
4598,Masumbwe,240
4599,Mbogwe,240
4600,Nanda,240
4601,Ngemo,240
4602,Nhomolwa,240
4603,Nyakafuru,240
4604,Nyasato,240
4605,Ushirika,240
4606,Bugelenga,241
4607,Bukombe,241
4608,Bulangwa,241
4609,Bulega,241
4610,Busonzo,241
4611,Butizya,241
4612,Igulwa,241
4613,Iyogelo,241
4614,Katente,241
4615,Katome,241
4616,Lyambamgongo,241
4617,Namonge,241
4618,Ng’anzo ,241
4619,Runzewe Magharibi,241
4620,Runzewe Mashariki,241
4621,Ushirombo,241
4622,Uyovu,241
4623,Gangilonga,242
4624,Igumbilo,242
4625,Ilala,242
4626,Isakalilo,242
4627,Kihesa,242
4628,Kitanzini,242
4629,Kitwiru,242
4630,Kwakilosa,242
4631,Makorongoni,242
4632,Mivinjeni,242
4633,Mkimbizi,242
4634,Mkwawa,242
4635,Mlandege,242
4636,Mshindo,242
4637,Mtwivila,242
4638,Mwangata,242
4639,Nduli,242
4640,Ruaha,242
4641,Idodi,243
4642,Ifunda,243
4643,Ilolompya,243
4644,Itunundu,243
4645,Izazi,243
4646,Kalenga,243
4647,Kihanga,243
4648,Kihorogota,243
4649,Kising'a,243
4650,Kiwere,243
4651,Luhota,243
4652,Lumuli,243
4653,Lyamgungwe,243
4654,Maboga,243
4655,Maguliwa,243
4656,Mahuninga,243
4657,Malengamakali,243
4658,Masaka,243
4659,Mboliboli,243
4660,Mgama,243
4661,Migoli,243
4662,Mlenge,243
4663,Mlowa,243
4664,Mseke,243
4665,Nyang'oro,243
4666,Nzihi,243
4667,Ulanda,243
4668,Wasa,243
4669,Bomalang'ombe,244
4670,Dabaga,244
4671,Ibumu,244
4672,Idete,244
4673,Ihimbo,244
4674,Ilula,244
4675,Image,244
4676,Irole,244
4677,Kimala,244
4678,Kising'a,244
4679,Lugalo,244
4680,Mahenge,244
4681,Masisiwe,244
4682,Mlafu,244
4683,Mtitu,244
4684,Ng'ang'ange,244
4685,Ng'uruhe,244
4686,Nyalumbu,244
4687,Nyanzwa,244
4688,Ruaha Mbuyuni,244
4689,Udekwa,244
4690,Uhambingeto,244
4691,Ukumbi,244
4692,Ukwega,244
4693,Boma,245
4694,Bumilayinga,245
4695,Changarawe,245
4696,Idete,245
4697,Idunda,245
4698,Ifwagi,245
4699,Igombavanu,245
4700,Igowole,245
4701,Ihalimba,245
4702,Ihanu,245
4703,Ihowanza,245
4704,Ikongosi,245
4705,Ikweha,245
4706,Isalavanu,245
4707,Itandula,245
4708,Kasanga,245
4709,Kibengu,245
4710,Kinyanambo,245
4711,Kiyowela,245
4712,Luhunga,245
4713,Maduma,245
4714,Makungu,245
4715,Malangali,245
4716,Mapanda,245
4717,Mbalamaziwa,245
4718,Mdabulo,245
4719,Mninga,245
4720,Mpanga TAZARA,245
4721,Mtambula,245
4722,Mtwango,245
4723,Nyololo,245
4724,Rungemba,245
4725,Sadani,245
4726,Sao Hill,245
4727,Upendo,245
4728,Wambi,245
4729,Bakoba,246
4730,Bilele,246
4731,Buhembe,246
4732,Hamugembe,246
4733,Ijuganyondo,246
4734,Kagondo,246
4735,Kahororo,246
4736,Kashai,246
4737,Kibeta,246
4738,Kitendaguro,246
4739,Miembeni,246
4740,Nshambya,246
4741,Nyanga,246
4742,Rwamishenye,246
4743,Behendangabo,247
4744,Bujugo,247
4745,Butelankuzi,247
4746,Ibwera,247
4747,Izimbya,247
4748,Kaagya,247
4749,Kaibanja,247
4750,Kanyangereko,247
4751,Karabagaine,247
4752,Kasharu,247
4753,Katerero,247
4754,Katoma,247
4755,Katoro,247
4756,Kemondo,247
4757,Kibirizi,247
4758,Kikomelo,247
4759,Kishanje,247
4760,Kishogo,247
4761,Kyaitoke,247
4762,Kyamulaile,247
4763,Maruku,247
4764,Mikoni,247
4765,Mugajwale,247
4766,Nyakato,247
4767,Nyakibimbili,247
4768,Rubafu,247
4769,Rubale,247
4770,Ruhunga,247
4771,Rukoma,247
4772,Bugandika,248
4773,Bugorora,248
4774,Buyango,248
4775,Bwanjai,248
4776,Gera,248
4777,Ishozi,248
4778,Ishunju,248
4779,Kakunyu,248
4780,Kanyigo,248
4781,Kashenye,248
4782,Kassambya,248
4783,Kilimilile,248
4784,Kitobo,248
4785,Kyaka,248
4786,Mabale,248
4787,Minziro,248
4788,Mushasha,248
4789,Mutukula,248
4790,Nsunga,248
4791,Ruzinga,248
4792,Bugene,249
4793,Bweranyange,249
4794,Chanika,249
4795,Chonyonyo,249
4796,Igurwa,249
4797,Ihanda,249
4798,Ihanda,249
4799,Ihembe,249
4800,Kamagambo,249
4801,Kanoni,249
4802,Kayanga,249
4803,Kibondo,249
4804,Kihanga,249
4805,Kiruruma,249
4806,Kituntu,249
4807,Ndama,249
4808,Ndama,249
4809,Nyabiyonza,249
4810,Nyaishozi,249
4811,Nyakabanga,249
4812,Nyakahanga,249
4813,Nyakahanga,249
4814,Nyakakika,249
4815,Nyakasimbi,249
4816,Rugera,249
4817,Rugu,249
4818, Ijumbi,250
4819, Izigo,250
4820, Kabirizi,250
4821, Kagoma,250
4822, Kamachumu,250
4823, Karambi,250
4824, Mayondwe,250
4825, Mazinga,250
4826, Mushabago,250
4827, Nshamba,250
4828,Biirabo,250
4829,Bisheke,250
4830,Buganguzi,250
4831,Buhangaza,250
4832,Bulyakashaju,250
4833,Bumbire,250
4834,Bureza,250
4835,Burungura,250
4836,Goziba,250
4837,Gwanseli,250
4838,Ibuga,250
4839,Ikondo,250
4840,Ikuza,250
4841,Kasharunga,250
4842,Kashasha,250
4843,Katoke,250
4844,Kerebe,250
4845,Kibanga,250
4846,Kikuku,250
4847,Kimwani,250
4848,Kishanda,250
4849,Kyebitembe,250
4850,Mafumbo,250
4851,Magata/Karutanga,250
4852,Mubunda,250
4853,Muhutwe,250
4854,Muleba,250
4855,Ngenge,250
4856,Nyakabango,250
4857,Nyakatanga,250
4858,Ruhanga,250
4859,Rulanda,250
4860,Rutoro,250
4861, Kabindi,251
4862,Biharamulo Mjini,251
4863,Bisibo ,251
4864,Kalenge,251
4865,Kaniha ,251
4866,Katahoka,251
4867,Lusahunga,251
4868,Nemba ,251
4869,Nyabusozi,251
4870,Nyakahura,251
4871,Nyamahanga,251
4872,Nyamigogo,251
4873,Nyantakara,251
4874,Nyanza,251
4875,Nyarubungo,251
4876,Runazi,251
4877,Ruziba ,251
4878,Bugarama,252
4879,Bukiriro,252
4880,Kabanga,252
4881,Kanazi,252
4882,Kasulo,252
4883,Keza,252
4884,Kibimba,252
4885,Kibogora,252
4886,Kirushya,252
4887,Mabawe,252
4888,Mbuba,252
4889,Muganza,252
4890,Mugoma,252
4891,Murukurazo,252
4892,Murusagamba,252
4893,Ngara Mjini,252
4894,Ntobeye,252
4895,Nyakisasa,252
4896,Nyamagoma,252
4897,Nyamiaga,252
4898,Rulenge,252
4899,Rusumo,252
4900,Bugara,253
4901,Bugomora,253
4902,Businde,253
4903,Isingiro,253
4904,Iteera,253
4905,Kaisho,253
4906,Kakanja,253
4907,Kamuli,253
4908,Kibare,253
4909,Kibingo,253
4910,Kikukuru,253
4911,Kimuli,253
4912,Kitwe,253
4913,Kitwechenchura,253
4914,Kyerwa,253
4915,Mabira,253
4916,Murongo,253
4917,Nkwenda,253
4918,Nyakatuntu,253
4919,Nyaruzumbura,253
4920,Rukuraijo,253
4921,Rutunguru,253
4922,Rwabwere,253
4923,Songambele,253
4924,IBINDI,254
4925,ITENKA,254
4926,Ilembo,254
4927,KANOGE,254
4928,KAPALALA,254
4929,KATUMBA,254
4930,Kakese,254
4931,Kashaulili,254
4932,Kasokola ,254
4933,Kawajense,254
4934,Kazima,254
4935,LITAPUNGA,254
4936,MACHIMBONI,254
4937,MTAPENDA,254
4938,Magamba ,254
4939,Majengo,254
4940,Makanyagio,254
4941,Misunkumilo,254
4942,Mpanda Hotel,254
4943,Mwamkulu,254
4944,NSIMBO,254
4945,Nsemulwa,254
4946,SITALIKE,254
4947,Shanwe,254
4948,UGALLA,254
4949,URWILA,254
4950,Uwanja wa ndege,254
4951,Bulamata,255
4952,Ikola,255
4953,Ilangu,255
4954,Ipwaga,255
4955,Isengule,255
4956,Kabungu,255
4957,Kapalamsenga,255
4958,Karema,255
4959,Kasekese,255
4960,Katuma ,255
4961,Mishamo,255
4962,Mnyagala,255
4963,Mpanda Ndogo,255
4964,Mwese,255
4965,Sibwesa,255
4966,Tongwe,255
4967,Chamalendi,256
4968,Ikuba,256
4969,Ilela,256
4970,Ilunde,256
4971,Inyonga,256
4972,Kamsisi,256
4973,Kasansa,256
4974,Kibaoni,256
4975,Majimoto,256
4976,Mamba,256
4977,Mbede,256
4978,Mwamapuli,256
4979,Nsenkwa,256
4980,Usevya,256
4981,Utende,256
4982,Bangwe ,257
4983,Buhanda  ,257
4984,Businde ,257
4985,Buzebazeba ,257
4986,Gungu ,257
4987,Kagera ,257
4988,Kasimbu ,257
4989,Kasingirima ,257
4990,Katubuka ,257
4991,Kibirizi ,257
4992,Kigoma  ,257
4993,Kipampa ,257
4994,Kitongoni ,257
4995,Machinjioni ,257
4996,Majengo ,257
4997,Mwanga Kaskazini ,257
4998,Mwanga Kusini ,257
4999,Rubuga ,257
5000,Rusimbi ,257
5001,Bitale ,258
5002,Kagongo ,258
5003,Kagunga ,258
5004,Kalinzi ,258
5005,Kamara ,258
5006,Mahembe ,258
5007,Matendo ,258
5008,Mkigo ,258
5009,Mkongoro ,258
5010,Mwamgongo ,258
5011,Mwandiga ,258
5012,Asante Nyerere ,259
5013,Bugaga ,259
5014,Buhoro ,259
5015,Heru Ushingo ,259
5016,Kagera Nkanda ,259
5017,Kasulu Mjini ,259
5018,Kigembe ,259
5019,Kigondo ,259
5020,Kitagata ,259
5021,Kitanga ,259
5022,Kurugongo ,259
5023,Kwaga ,259
5024,Muganza ,259
5025,Muhunga ,259
5026,Murufiti ,259
5027,Musambara ,259
5028,Muzye ,259
5029,Nyachenda ,259
5030,Nyakitonto ,259
5031,Nyamidaho ,259
5032,Nyamunyusi ,259
5033,Nyumbigwa ,259
5034,Ruhita ,259
5035,Rungwe Mpya ,259
5036,Rusesa ,259
5037,Shunguliba ,259
5038,Titye ,259
5039,Bunyambo ,260
5040,Busagara ,260
5041,Busunzu ,260
5042,Itaba ,260
5043,Kibondo  Mjini ,260
5044,Kizazi ,260
5045,Kumsenga ,260
5046,Mabamba ,260
5047,Misezero ,260
5048,Murungu ,260
5049,Rugongwe ,260
5050,Biharu ,261
5051,Buhigwe ,261
5052,Janda ,261
5053,Kajana ,261
5054,Kibande ,261
5055,Kilelema ,261
5056,Muganza ,261
5057,Mugera ,261
5058,Muhinda ,261
5059,Munanila ,261
5060,Munyegera ,261
5061,Munzeze ,261
5062,Muyama ,261
5063,Mwanga B ,261
5064,Mwayaya ,261
5065,Nyamugali ,261
5066,Rusaba ,261
5067,Buhingu ,262
5068,Ilagala ,262
5069,Kalya ,262
5070,Kandaga ,262
5071,Nguruka ,262
5072,Sigunga ,262
5073,Simbo ,262
5074,Sunuka ,262
5075,Uvinza ,262
5076,Gwanumpu ,263
5077,Kakonko ,263
5078,Kasanda ,263
5079,Kasuga ,263
5080,Kiziguzigu ,263
5081,Mugunzu ,263
5082,Muhange ,263
5083,Nyabibuye ,263
5084,Rugenge ,263
5085,Bomambuzi,264
5086,Bondeni,264
5087,Kaloleni,264
5088,Karanga,264
5089,Kiborloni,264
5090,Kilimanjaro,264
5091,Kiusa,264
5092,Korongoni,264
5093,Longuo,264
5094,Majengo,264
5095,Mawenzi,264
5096,Mfumuni,264
5097,Miembeni,264
5098,Mji Mpya,264
5099,Msaranga,264
5100,Ng'ambo,264
5101,Njoro,264
5102,Pasua,264
5103,Rau,264
5104,Shirimatunda,264
5105,Soweto,264
5106,Arusha Chini,265
5107,Kahe Magharibi,265
5108,Kahe Mashariki,265
5109,Kibosho Kati,265
5110,Kibosho Kirima,265
5111,Kibosho Magharibi,265
5112,Kibosho Mashariki,265
5113,Kibosho Okaoni,265
5114,Kilema Kaskazini,265
5115,Kilema Kati,265
5116,Kilema Kusini,265
5117,Kimochi,265
5118,Kindi,265
5119,Kirua Vunjo Kusini ,265
5120,Kirua Vunjo Magharibi,265
5121,Kirua Vunjo Mashariki,265
5122,Mabogini,265
5123,Makuyuni (Himo),265
5124,Mamba Kaskazini,265
5125,Mamba Kusini,265
5126,Marangu Magharibi,265
5127,Marangu Mashariki,265
5128,Mbokomu,265
5129,Mwika Kaskazini,265
5130,Mwika Kusini,265
5131,Njia Panda,265
5132,Old Moshi Magharibi,265
5133,Old Moshi Mashariki,265
5134,Uru Kaskazini,265
5135,Uru Kusini,265
5136,Uru Mashariki,265
5137,Uru Shimbwe,265
5138,Bomang'ombe ,266
5139,Bondeni,266
5140,KIA,266
5141,Machame Kaskazini,266
5142,Machame Magharibi,266
5143,Machame Mashariki,266
5144,Machame Narumu,266
5145,Machame Uroki,266
5146,Masama Kati,266
5147,Masama Kusini,266
5148,Masama Magharibi,266
5149,Masama Mashariki,266
5150,Masama Rundugai,266
5151,Mnadani ,266
5152,Muungano,266
5153,Romu,266
5154,Weruweru,266
5155,Biriri,267
5156,Donyomurwak ,267
5157,Gararagua,267
5158,Ivaeny,267
5159,Karansi,267
5160,Kashashi,267
5161,Kirua ,267
5162,Livishi,267
5163,Makiwaru,267
5164,Miti mirefu,267
5165,Nasai,267
5166,Ndumeti,267
5167,Ngarenairobi,267
5168,Olkolili,267
5169,Ormelili,267
5170,Sanya juu,267
5171,Songu,267
5172,Chomvu,268
5173,Jipe,268
5174,Kifula,268
5175,Kighare,268
5176,Kigonigoni,268
5177,Kileo,268
5178,Kilomeni,268
5179,Kirongwe,268
5180,Kirya,268
5181,Kivisini,268
5182,Kwakoa,268
5183,Lang'ata,268
5184,Lembeni,268
5185,Magagao,268
5186,Msangeni,268
5187,Mwanga,268
5188,Mwaniko,268
5189,Ngujini,268
5190,Shighatini,268
5191,Toloha,268
5192,Bangalala,269
5193,Bendera,269
5194,Bombo,269
5195,Bwambo,269
5196,Chome,269
5197,Gavao - saweni,269
5198,Hedaru,269
5199,Kalemawe,269
5200,Kihurio,269
5201,Kirangare,269
5202,Kisima,269
5203,Kisiwani,269
5204,Lugulu,269
5205,Mabilioni,269
5206,Makanya,269
5207,Maore,269
5208,Mhezi,269
5209,Mpinji,269
5210,Mshewa,269
5211,Msindo,269
5212,Mtii,269
5213,Mwembe,269
5214,Myamba,269
5215,Ndungu,269
5216,Njoro,269
5217,Ruvu,269
5218,Same,269
5219,Stesheni,269
5220,Suji,269
5221,Tae,269
5222,Vudee,269
5223,Vuje,269
5224,Vumari,269
5225,Vunta,269
5226,Aleni,270
5227,Chala,270
5228,Holili,270
5229,Katangara/Mrere,270
5230,Kelamfua/Mokala,270
5231,Kingachi,270
5232,Kirongo Samanga,270
5233,KirwaKeni,270
5234,Kisale Msaranga,270
5235,Kitirima ,270
5236,Mahida ,270
5237,Makiidi,270
5238,Mamsera,270
5239,Manda,270
5240,Marangu Kitowo,270
5241,Mengeni,270
5242,Mengwe ,270
5243,Mrao Keryo,270
5244,Nanjara,270
5245,Ngoyoni,270
5246,Olele,270
5247,Reha,270
5248,Shimbi,270
5249,Shimbi Kwadele,270
5250,Tarakea Motamburu,270
5251,Ubetu Kahe,270
5252,Ushiri/Ikuini,270
5253,Chikonji,271
5254,Jamhuri,271
5255,Kitumbikwela,271
5256,Makonde,271
5257,Matopeni,271
5258,Mbanja,271
5259,Mikumbi,271
5260,Mingoyo,271
5261,Mitandi,271
5262,Mnazimmoja,271
5263,Msinjahili,271
5264,Mtanda,271
5265,Mwenge,271
5266,Nachingwea,271
5267,Ndoro,271
5268,Ng'apa,271
5269,Rahaleo,271
5270,Rasbura,271
5271,Tandangongoro,271
5272,Wailesi,271
5273,Chiponda,272
5274,Kilangala,272
5275,Kilola Mbwani,272
5276,Kinyope,272
5277,Kitomanga,272
5278,Kiwalala,272
5279,Kiwawa,272
5280,Longa,272
5281,Majengo,272
5282,Mandwanga,272
5283,Matimba,272
5284,Mchinga,272
5285,Milola,272
5286,Mipingo,272
5287,Mnara,272
5288,Mnolela,272
5289,Mtama,272
5290,Mtua,272
5291,Mtumbya,272
5292,Mvuleni,272
5293,Nachunyu,272
5294,Nahukahuka,272
5295,Namangale,272
5296,Namupa,272
5297,Nangaru,272
5298,Navanga,272
5299,Nyangamara,272
5300,Nyangao,272
5301,Nyengedi,272
5302,Pangatena,272
5303,Rutamba,272
5304,Sudi,272
5305,Boma,273
5306,Chiola,273
5307,Chiumbati Shuleni,273
5308,Kiegei,273
5309,Kilimanihewa,273
5310,Kilimarondo,273
5311,Kipara Mnero,273
5312,Kipara mtua,273
5313,Lionja,273
5314,Marambo,273
5315,Matekwe,273
5316,Mbondo,273
5317,Mchonda,273
5318,Mitumbati,273
5319,Mkoka,273
5320,Mkotokuyana,273
5321,Mnero Miembeni,273
5322,Mnero Ngongo,273
5323,Mpiruka,273
5324,Mtua,273
5325,Nachingwea Mjini,273
5326,Naipanga,273
5327,Naipingo,273
5328,Namapwia,273
5329,Namatula,273
5330,Nambambo,273
5331,Namikango,273
5332,Nang'ondo,273
5333,Nangowe,273
5334,Nditi,273
5335,Ndomoni,273
5336,Ngunichile,273
5337,Raha leo,273
5338,Ruponda,273
5339,Stesheni,273
5340,Ugawaji,273
5341,Chumo,274
5342,Kandawale,274
5343,Kibata,274
5344,Kikole,274
5345,Kilwa Masoko,274
5346,Kinjumbi,274
5347,Kipatimu,274
5348,Kiranjeranje,274
5349,Kivinje/Singino,274
5350,Lihimalyao,274
5351,Likawage,274
5352,Mandawa,274
5353,Miguruwe,274
5354,Mingumbi,274
5355,Miteja,274
5356,Mitole,274
5357,Namayuni,274
5358,Nanjirinji,274
5359,Njinjo,274
5360,Pande / Mikoma,274
5361,Somanga,274
5362,Songosongo,274
5363,Tingi,274
5364,Barikiwa,275
5365,Kiangara,275
5366,Kibutuka,275
5367,Kichonda,275
5368,Kimambi,275
5369,Likongowele,275
5370,Lilombe ,275
5371,Liwale B,275
5372,Liwale Mjini,275
5373,Makata,275
5374,Mangirikiti,275
5375,Mbaya,275
5376,Mihumo,275
5377,Mirui,275
5378,Mkutano,275
5379,Mlembwe,275
5380,Mpigamiti,275
5381,Nangando,275
5382,Nangano,275
5383,Ngongowele,275
5384,Chibula,276
5385,Chienjele,276
5386,Chinongwe,276
5387,Chunyu,276
5388,Likunja,276
5389,Luchelengwa,276
5390,Makanjiro,276
5391,Malolo,276
5392,Mandarawe,276
5393,Mandawa,276
5394,Matambarale,276
5395,Mbekenyera,276
5396,Mbwemkuru (Machang'anja),276
5397,Mnacho,276
5398,Nachingwea,276
5399,Nambilanje,276
5400,Namichiga,276
5401,Nandagala,276
5402,Nanganga,276
5403,Narung'ombe,276
5404,Nkowe,276
5405,Ruangwa,276
5406, Nyakatende,277
5407,Bugoji ,277
5408,Bugwema,277
5409,Buhare,277
5410,Bukima,277
5411,Bukumi,277
5412,Bulinga,277
5413,Busambara,277
5414,Bwasi,277
5415,Bweri,277
5416,Etaro,277
5417,Ifulifu ,277
5418,Iringo,277
5419,Kamunyonge,277
5420,Kigera,277
5421,Kiriba,277
5422,Kitaji,277
5423,Kwangwa,277
5424,Makojo ,277
5425,Makoko,277
5426,Mshikamano,277
5427,Mugango,277
5428,Mukendo,277
5429,Murangi,277
5430,Musanja,277
5431,Mwigobero,277
5432,Mwisenge,277
5433,Nyakato,277
5434,Nyamatare,277
5435,Nyambono,277
5436,Nyamrandirira,277
5437,Nyasho,277
5438,Nyegina,277
5439,Rusoli ,277
5440,Rwamlimi,277
5441,Suguti,277
5442,Tegeruka,277
5443,Bisumwa ,278
5444,Buhemba,278
5445,Bukabwa,278
5446,Buruma,278
5447,Busegwe ,278
5448,Buswahili,278
5449,Butiama,278
5450,Butuguri,278
5451,Bwiregi,278
5452,Kamugegi,278
5453,Kukirango,278
5454,Kyanyari,278
5455,Masaba,278
5456,Mirwa,278
5457,Muriaza,278
5458,Nyamimange,278
5459,Nyankanga,278
5460,SiroriSimba,278
5461,Baraki,279
5462,Bukura,279
5463,Bukwe,279
5464,Goribe,279
5465,Ikoma,279
5466,Kigunga,279
5467,Kinyenche,279
5468,Kirogo,279
5469,Kisumwa,279
5470,Kitembe,279
5471,Komuge,279
5472,Koryo,279
5473,Kyang'ombe,279
5474,Kyangasaga,279
5475,Mirare,279
5476,Mkoma,279
5477,Nyaburongo,279
5478,Nyahongo,279
5479,Nyamagaro,279
5480,Nyamtinga,279
5481,Nyamunga,279
5482,Nyathorogo,279
5483,Rabour,279
5484,Raranya,279
5485,Roche,279
5486,Tai,279
5487,Binagi,280
5488,Bomani,280
5489,Bumera,280
5490,Ganyange,280
5491,Gorong'a,280
5492,Gwitiryo,280
5493,Itiryo,280
5494,Katere,280
5495,Kemambo,280
5496,Kenyamanyori,280
5497,Kibasuka,280
5498,Kiore,280
5499,Komaswa,280
5500,Kwihancha,280
5501,Manga,280
5502,Matongo,280
5503,Mbogi,280
5504,Muriba,280
5505,Mwema,280
5506,Nkende,280
5507,Nyakonga,280
5508,Nyamisangura,280
5509,Nyamwaga,280
5510,Nyandoto,280
5511,Nyanungu,280
5512,Nyarero,280
5513,Nyarukoba,280
5514,Nyasincha,280
5515,Pemba,280
5516,Regicheri,280
5517,Sabasaba,280
5518,Sirari,280
5519,Susuni,280
5520,Turwa,280
5521,Balili,281
5522,Bunda Mjini ,281
5523,Bunda Stoo,281
5524,Butimba,281
5525,Chitengule,281
5526,Guta,281
5527,Hunyari,281
5528,Igundu,281
5529,Iramba,281
5530,Kabarimu,281
5531,Kabasa,281
5532,Kasuguti,281
5533,Ketare,281
5534,Kibara,281
5535,Kisorya,281
5536,Kunzugu,281
5537,Manyamanyama,281
5538,Mcharo,281
5539,Mihingo,281
5540,Mugeta,281
5541,Namhula,281
5542,Nampindi,281
5543,Nansimo,281
5544,Neruma,281
5545,Nyamakokoto,281
5546,Nyamang'uta,281
5547,Nyamihoro,281
5548,Nyamuswa,281
5549,Nyasura,281
5550,Salama,281
5551,Sazira,281
5552,Wariku,281
5553,Busawe,282
5554,Geitasamo,282
5555,Ikoma,282
5556,Issenye,282
5557,Kebanchabancha,282
5558,Kenyamonta,282
5559,Kisaka,282
5560,Kisangura ,282
5561,Kyambahi,282
5562,Machochwe,282
5563,Magange,282
5564,Majimoto,282
5565,Manchira,282
5566,Matare,282
5567,Mbalibali,282
5568,Moguteni,282
5569,Morotonga,282
5570,Mosongo,282
5571,Mugumu,282
5572,Nagusi ,282
5573,Natta,282
5574,Nyamatare,282
5575,Nyambureti,282
5576,Nyamoko,282
5577,Nyansurura,282
5578,Rigicha,282
5579,Ring'wani,282
5580,Rung'abure,282
5581,SEDECO,282
5582,Stendi Kuu,282
5583,Uwanja wa ndege,282
5584,Forest,283
5585,Ghana,283
5586,Iduda,283
5587,Iganjo,283
5588,Iganzo,283
5589,Igawilo,283
5590,Ilemi,283
5591,Ilomba,283
5592,Isanga,283
5593,Isyesye,283
5594,Itagano,283
5595,Itende,283
5596,Itezi,283
5597,Itiji,283
5598,Iwambi,283
5599,Iyela,283
5600,Iyunga,283
5601,Iziwa,283
5602,Kalobe,283
5603,Maanga,283
5604,Mabatini,283
5605,Maendeleo,283
5606,Majengo,283
5607,Mbalizi Road,283
5608,Mwakibete,283
5609,Mwansanga,283
5610,Mwansenkwa,283
5611,Nonde,283
5612,Nsalaga,283
5613,Nsoho,283
5614,Nzovwe,283
5615,Ruanda,283
5616,Sinde,283
5617,Sisimba,283
5618,Tembela,283
5619,Uyole,283
5620,Bonde la Songwe,284
5621,Igale,284
5622,Igoma,284
5623,Ihango,284
5624,Ijombe,284
5625,Ikukwa,284
5626,Ilembo,284
5627,Ilungu,284
5628,Inyala,284
5629,Isuto,284
5630,Itawa,284
5631,Itewe,284
5632,Iwiji,284
5633,Iwindi,284
5634,Iyunga Mapinduzi,284
5635,Izyra,284
5636,Lwanjiro,284
5637,Maendeleo,284
5638,Masoko,284
5639,Mjele,284
5640,Mshewe,284
5641,Nsalala,284
5642,Santilya,284
5643,Shizuvi,284
5644,Swaya,284
5645,Tembela,284
5646,Ulenje,284
5647,Utengule /Usongwe,284
5648,Bagamoyo,285
5649,Bujela,285
5650,Bulyaga,285
5651,Ibigi,285
5652,Ikuti,285
5653,Ilima,285
5654,Iponjola,285
5655,Isange,285
5656,Isongole,285
5657,Itagata,285
5658,Itete,285
5659,Kabula,285
5660,Kambasegela,285
5661,Kandete,285
5662,Kawetele,285
5663,Kinyala,285
5664,Kisegese,285
5665,Kisiba,285
5666,Kisondela,285
5667,Kiwira,285
5668,Kyimo,285
5669,Lufilyo,285
5670,Lufingo,285
5671,Lupata,285
5672,Lupepo,285
5673,Luteba,285
5674,Lwangwa,285
5675,Makandana,285
5676,Malindo,285
5677,Masebe,285
5678,Masoko,285
5679,Masukulu,285
5680,Matwebe,285
5681,Mpata,285
5682,Mpombo,285
5683,Mpuguso,285
5684,Msasani,285
5685,Ndanto,285
5686,Nkunga,285
5687,Ntaba,285
5688,Suma,285
5689,Swaya,285
5690,Chimala,286
5691,Igava,286
5692,Igurusi,286
5693,Ihahi,286
5694,Imalilo Songwe,286
5695,Ipwani,286
5696,Itamboleo,286
5697,Kongolo,286
5698,Lugelele,286
5699,Luhanga,286
5700,Madibira,286
5701,Mahongole,286
5702,Mapogoro,286
5703,Mawindi,286
5704,Miyombweni,286
5705,Mwatenga,286
5706,Ruiwa,286
5707,Rujewa,286
5708,Ubaruku,286
5709,Utengule Usangu,286
5710, Makwale,287
5711,Bondeni,287
5712,Bujonde,287
5713,Busale,287
5714,Ibanda,287
5715,Ikama,287
5716,Ikimba,287
5717,Ikolo,287
5718,Ipande,287
5719,Ipinda,287
5720,Ipyana,287
5721,Itope,287
5722,Itunge,287
5723,Kajunjumele,287
5724,Katumbasongwe,287
5725,Kyela ,287
5726,Lusungo,287
5727,Mababu,287
5728,Matema,287
5729,Mbugani,287
5730,Mikoroshoni,287
5731,Muungano,287
5732,Mwanganyanga,287
5733,Mwaya,287
5734,Ndandalo,287
5735,Ndobo,287
5736,Ngana,287
5737,Ngonga,287
5738,Njisi,287
5739,Nkokwa,287
5740,Nkuyu,287
5741,Serengeti,287
5742,Talatala,287
5743,Bwawani,288
5744,Chalangwa,288
5745,Chokaa,288
5746,Ifumbo,288
5747,Itewe,288
5748,Kambikatoto,288
5749,Kasanga,288
5750,Lualaje,288
5751,Lupa,288
5752,Mafyeko,288
5753,Makongolosi,288
5754,Mamba,288
5755,Matundasi,288
5756,Matwiga,288
5757,Mbugani,288
5758,Mkola,288
5759,Mtanila,288
5760,Nkung’ungu,288
5761,Sangambi,288
5762,Upendo,288
5763,Bigwa,289
5764,Boma,289
5765,Chamwino,289
5766,Kauzeni,289
5767,Kichangani,289
5768,Kihonda,289
5769,Kihonda ,289
5770,Kilakala,289
5771,Kingo,289
5772,Kingolwira,289
5773,Kiwanja cha ,289
5774,Luhungo,289
5775,Lukobe,289
5776,Mafiga,289
5777,Mafisa,289
5778,Magadu,289
5779,Maghorofani,289
5780,Mazimbu,289
5781,Mbuyuni,289
5782,Mindu,289
5783,Mji Mkuu,289
5784,Mji mpya,289
5785,Mkundi,289
5786,Mlimani,289
5787,Mwembesongo,289
5788,Mzinga,289
5789,Ndege,289
5790,Sabasaba,289
5791,Sultani area,289
5792,Tungi,289
5793,Uwanja wa Taifa,289
5794,Bungu,290
5795,Bwakira chini,290
5796,Bwakira juu,290
5797,Gwata,290
5798,Kasanga,290
5799,Kibogwa,290
5800,Kibuko,290
5801,Kibungo,290
5802,Kidugalo,290
5803,Kinole,290
5804,Kiroka,290
5805,Kisaki,290
5806,Kisemu,290
5807,Kolero,290
5808,Konde,290
5809,Lundi,290
5810,Matuli,290
5811,Mikese,290
5812,Mkalambani,290
5813,Mkulazi,290
5814,Mkuyuni,290
5815,Mngazi,290
5816,Mtombozi,290
5817,Mvuha,290
5818,Ngerengere,290
5819,Selembala,290
5820,Singisa,290
5821,Tawa,290
5822,Tegetero,290
5823,Tomondo,290
5824,Tununguo,290
5825,Bunduki,291
5826,Dakawa,291
5827,Diongoya,291
5828,Doma,291
5829,Hembeti,291
5830,Homboza,291
5831,Kanga,291
5832,Kibati,291
5833,Kichangani,291
5834,Kikeo,291
5835,Kinda,291
5836,Langali,291
5837,Luale,291
5838,Lubungo,291
5839,Mangae,291
5840,Maskati,291
5841,Melela,291
5842,Mgeta,291
5843,Mhonda,291
5844,Mkindo,291
5845,Mlali,291
5846,Msongozi,291
5847,Mtibwa,291
5848,Mvomero,291
5849,Mziha,291
5850,Mzumbe,291
5851,Nyandira,291
5852,Pemba,291
5853,Sungaji,291
5854,Tchenzema,291
5855,Berega,292
5856,Chanzuru,292
5857,Dumila,292
5858,Kasiki,292
5859,Kidete,292
5860,Kidodi,292
5861,Kilangali,292
5862,Kimamba   B,292
5863,Kimamba  A,292
5864,Kisanga,292
5865,Kitete,292
5866,Lumbiji,292
5867,Lumuma,292
5868,Mabula,292
5869,Mabwerebwere,292
5870,Madoto,292
5871,Magole,292
5872,Magomeni,292
5873,Magubike,292
5874,Maguha,292
5875,Malolo,292
5876,Mamboya,292
5877,Masanze,292
5878,Mbigiri,292
5879,Mbumi,292
5880,Mhenda,292
5881,Mikumi,292
5882,Mkwatani,292
5883,Msowero,292
5884,Mtumbatu,292
5885,Mvumi,292
5886,Parakuyo,292
5887,Ruaha,292
5888,Rudewa,292
5889,Ruhembe,292
5890,Tindiga,292
5891,Ulaya,292
5892,Uleling’ombe,292
5893,Vidunda,292
5894,Zombo,292
5895,Ching'anda,293
5896,Chisano,293
5897,Chita,293
5898,Idete,293
5899,Ifakara,293
5900,Igima ,293
5901,Kalengakelo,293
5902,Kamwene,293
5903,Katindiuka ,293
5904,Kibaoni,293
5905,Kiberege,293
5906,Kidatu,293
5907,Kisawasawa ,293
5908,Lipangalala ,293
5909,Lumemo,293
5910,Mang'ula,293
5911,"Mang''ula '"B'"",293
5912,Masagati,293
5913,Mbasa,293
5914,Mbingu,293
5915,Mchombe,293
5916,Michenga,293
5917,Mkula,293
5918,Mlabani ,293
5919,Mlimba,293
5920,Mngeta,293
5921,Mofu,293
5922,Msolwa Station,293
5923,Mwaya,293
5924,Namwawala,293
5925,Sanje,293
5926,Signal,293
5927,Uchindile,293
5928,Utengule,293
5929,Viwanjasitini ,293
5930,Chirombola,294
5931,Euga,294
5932,Ilonga,294
5933,Iragua,294
5934,Isongo,294
5935,Ketaketa,294
5936,Kichangani,294
5937,Lukande,294
5938,Lupiro,294
5939,Mahenge Mjini,294
5940,Mawasiliano,294
5941,Mbuga,294
5942,Milola,294
5943,Minepa,294
5944,Msogezi,294
5945,Mwaya,294
5946,Nawenge,294
5947,Ruaha,294
5948,Sali,294
5949,Uponera,294
5950,Vigoi,294
5951,Chagongwe,295
5952,Chakwale,295
5953,Chanjale,295
5954,Chigela,295
5955,Gairo,295
5956,Idibo,295
5957,Italagwe,295
5958,Iyogwe,295
5959,Kibedya,295
5960,Leshata,295
5961,Madege,295
5962,Magoweko,295
5963,Mandege,295
5964,Mkalama,295
5965,Msingisi,295
5966,Nongwe,295
5967,Rubeho,295
5968,Ukwamani,295
5969,Biro,296
5970,Igawa,296
5971,Itete,296
5972,Kilosampepo,296
5973,Malinyi,296
5974,Mtimbira,296
5975,Ngoheranga,296
5976,Njiwa,296
5977,Sofi,296
5978,Usangule,296
5979,CHIKONGOLA,297
5980,CHUNO,297
5981,JANGWANI,297
5982,KISUNGULE,297
5983,LIKOMBE,297
5984,MAGENGENI,297
5985,MAGOMENI,297
5986,MAJENGO,297
5987,MITENGO,297
5988,MTAWANYA,297
5989,MTONYA,297
5990,NALIENDELE,297
5991,RAHALEO,297
5992,RELI,297
5993,SHANGANI,297
5994,TANDIKA,297
5995,UFUKONI,297
5996,VIGAENI,297
5997,CHAWI,298
5998,DIHIMBA,298
5999,DINYECHA,298
6000,HINJU,298
6001,KIANGA,298
6002,KIROMBA,298
6003,KITAYA,298
6004,KITERE,298
6005,LIBOBE,298
6006,Lipwidi,298
6007,MADIMBA,298
6008,MAHURUNGA,298
6009,MAYANGA,298
6010,MBAWALA,298
6011,MBEMBALEO,298
6012,MILANGO MINNE,298
6013,MNIMA,298
6014,MNONGODI,298
6015,MPAPURA,298
6016,MSANGA MKUU,298
6017,MTIMBWILIMBWI,298
6018,MTINIKO,298
6019,MUUNGANO,298
6020,Mangopachanne,298
6021,Mkunwa,298
6022,Moma,298
6023,Msimbati,298
6024,NAMTUMBUKA,298
6025,NANGURUWE,298
6026,NANYAMBA,298
6027,NAUMBU,298
6028,NDUMBWE,298
6029,NITEKELA,298
6030,NJENGWA,298
6031,NYUNDO,298
6032,Nalingu,298
6033,TANGAZO,298
6034,ZIWANI,298
6035,CHAUME,299
6036,CHIKONGOLA,299
6037,CHINGUNGWE,299
6038,DINDUMA,299
6039,KITAMA 1,299
6040,KWANYAMA,299
6041,LITEHU,299
6042,LUAGALA,299
6043,LUKOKODA,299
6044,LYENJE,299
6045,MAHUTA,299
6046,MALOPOKELO,299
6047,MAUNDO,299
6048,MCHICHIRA,299
6049,MDIMBA MNYOMA,299
6050,MICHENJELE,299
6051,MIHAMBWE,299
6052,MILONGODI,299
6053,MIUTA,299
6054,MKONJOWANO,299
6055,MKOREHA,299
6056,MKUNDI,299
6057,MKWITI,299
6058,MNDUMBWE,299
6059,MNYAWA,299
6060,Mkwedu,299
6061,NAMBAHU,299
6062,NAMIKUPA,299
6063,NANHYANGA,299
6064,NAPUTA,299
6065,NGUNJA,299
6066,TANDAHIMBA,299
6067,CHITEKETE,300
6068,Chihangu,300
6069,Chilangala,300
6070,Chiwonga,300
6071,Julia,300
6072,Kitangari,300
6073,LUCHINGU,300
6074,MAKOTE,300
6075,MCHOLI  I,300
6076,MKUNYA,300
6077,MNEKACHI,300
6078,Mahumbika,300
6079,Makonga,300
6080,Makukwe,300
6081,Malatu,300
6082,Maputi,300
6083,Mchemo,300
6084,Mcholi II,300
6085,Mdimba Mpelempele,300
6086,Mikumbi,300
6087,Mkoma II,300
6088,Mkulung'ulu,300
6089,Mkwedu,300
6090,Mnyambe,300
6091,Mnyeu,300
6092,Mpwapwa,300
6093,Mtonya,300
6094,Mtopwa,300
6095,Mtumachi,300
6096,Mtunguru,300
6097,Muungano,300
6098,NANGURUWE,300
6099,Nakahako,300
6100,Nambali,300
6101,Namiyonga,300
6102,Nandwahi,300
6103,Nangwala,300
6104,Tulindane,300
6105,CHIGUGU,301
6106,CHIKOROPORA,301
6107,CHIKUKWE,301
6108,CHIKUNDI,301
6109,CHIKUNJA,301
6110,CHIUNGUTWA,301
6111,CHIWALE,301
6112,CHIWATA,301
6113,Chanikanguo,301
6114,JIDA,301
6115,LIPUMBURU,301
6116,LUKULEDI,301
6117,LULINDI,301
6118,LUPASO,301
6119,MAKONG'ONDA,301
6120,MARIKA,301
6121,MATAWALE,301
6122,MBUYUNI,301
6123,MCHAURU,301
6124,MIGONGO,301
6125,MITESA,301
6126,MJELEJELE,301
6127,MKOMAINDO,301
6128,MKULULU,301
6129,MKUNDI,301
6130,MKUTI,301
6131,MLINGULA,301
6132,MNAVIRA,301
6133,MPANYANI,301
6134,MPETA,301
6135,MPINDIMBI,301
6136,MSIKISI,301
6137,MTANDI,301
6138,MWENA,301
6139,MWENGE MTAPIKA,301
6140,Mumbaka,301
6141,NAMAJANI,301
6142,NAMALENGA,301
6143,NAMATUTWE,301
6144,NANGANGA,301
6145,NANGOO,301
6146,NANJOTA,301
6147,NDANDA,301
6148,NYASA,301
6149,Napupa,301
6150,SINDANO,301
6151,SULULU,301
6152,TEMEKE,301
6153,CHIPUPUTA,302
6154,KAMUNDI,302
6155,KILIMANIHEWA,302
6156,LIKOKONA ,302
6157,LUMESULE,302
6158,MANGAKA,302
6159,MARATANI,302
6160,MASUGURU,302
6161,MIKANGAULA,302
6162,MKONONA,302
6163,MNANJE,302
6164,Michiga,302
6165,NAKOPI,302
6166,NANDETE,302
6167,NANGOMBA,302
6168,NANYUMBU,302
6169,SENGENYA,302
6170, Iwungilo,310
6171, Njombe Mjini,310
6172,Ihanga,310
6173,Kifanya,310
6174,Kitandililo,310
6175,Kitisi,310
6176,Kivavi,310
6177,Lugenge,310
6178,Luponde,310
6179,Lyamkena,310
6180,Maguvani,310
6181,Mahongole,310
6182,Majengo,310
6183,Makambako,310
6184,Makowo,310
6185,Matola,310
6186,Mji Mwema,310
6187,Mjimwema ,310
6188,Mlowa,310
6189,Mwembetogwa,310
6190,Ramadhani,310
6191,Utalingoro,310
6192,Utengule,310
6193,Uwemba,310
6194,Yakobi,310
6195, Lupembe,311
6196, Mfriga,311
6197,Idamba,311
6198,Igongolo,311
6199,Ikondo,311
6200,Ikuna,311
6201,Kichiwa,311
6202,Kidegembye,311
6203,Matembwe,311
6204,Mtwango,311
6205,Ninga,311
6206,Ukalawa,311
6207,Mdandu,312
6208,Igima,313
6209,Igosi,313
6210,Igwachanya,313
6211,Ilembula,313
6212,Imalinyi,313
6213,Itulahumba,313
6214,Kidugala,313
6215,Kijombe,313
6216,Kipengele,313
6217,Luduga,313
6218,Makoga,313
6219,Malangali,313
6220,Saja,313
6221,Udonja,313
6222,Uhambule,313
6223,Uhenga,313
6224,Ulembwe,313
6225,Usuka,313
6226,Wangama,313
6227,Wanging'ombe,313
6228,Ibumi,314
6229,Iwela,314
6230,Kilondo,314
6231,Lifuma,314
6232,Luana,314
6233,Lubonde,314
6234,Ludende,314
6235,Ludewa,314
6236,Lugarawa,314
6237,Luilo,314
6238,Lumbila,314
6239,Lupanga,314
6240,Lupingu,314
6241,Madilu,314
6242,Madope,314
6243,Makonde,314
6244,Manda,314
6245,Masasi,314
6246,Mavanga,314
6247,Mawengi,314
6248,Milo,314
6249,Mkongobaki,314
6250,Mlangali,314
6251,Mundindi,314
6252,Nkomang'ombe,314
6253,Ruhuhu,314
6254, Tandala,315
6255, Ukwama,315
6256,Bulongwa,315
6257,Ikuwo,315
6258,Iniho,315
6259,Ipelele,315
6260,Ipepo,315
6261,Isapulano,315
6262,Itundu,315
6263,Iwawa,315
6264,Kapagalo,315
6265,Kigala,315
6266,Kigulu,315
6267,Kinyika,315
6268,Kitulo,315
6269,Lupalilo,315
6270,Lupila,315
6271,Luwumbu,315
6272,Mang'oto,315
6273,Matamba,315
6274,Mbalatse,315
6275,Mfumbi,315
6276,Mlondwe,315
6277,KIBAHA,316
6278,KONGOWE,316
6279,MAILIMOJA,316
6280,MBWAWA,316
6281,MISUGUSUGU,316
6282,MKUZA,316
6283,MSANGANI,316
6284,PANGANI,316
6285,PICHA YA NDEGE,316
6286,Sofu,316
6287,TUMBI,316
6288,Tangini,316
6289,VISIGA,316
6290,Viziwa ziwa,316
6291,BOKOMNEMELA,317
6292,DUTUMI,317
6293,GWATA,317
6294,JANGA,317
6295,KIKONGO,317
6296,KILANGALANGA,317
6297,KWALA,317
6298,Kawawa,317
6299,MAGINDU,317
6300,MLANDIZI,317
6301,Mtambani,317
6302,Mtongani,317
6303,RUVU,317
6304,SOGA,317
6305,BWILINGU,318
6306,DUNDA,318
6307,FUKAYOSI,318
6308,KEREGE,318
6309,KIBINDU,318
6310,KIMANGE,318
6311,KIROMO,318
6312,KIWANGWA,318
6313,Kisutu,318
6314,LUGOBA,318
6315,MAGOMENI,318
6316,MANDERA,318
6317,MBWEWE,318
6318,MIONO,318
6319,MKANGE,318
6320,MSATA,318
6321,MSOGA,318
6322,Makurunge,318
6323,Mapinga,318
6324,Nia Njema,318
6325,PERA,318
6326,TALAWANDA,318
6327,UBENAZOMOZI,318
6328,VIGWAZA,318
6329,YOMBO,318
6330,ZINGA,318
6331,Boga,319
6332,CHOLE ,319
6333,KIBUTA,319
6334,KILUVYA,319
6335,KISARAWE,319
6336,KURUI,319
6337,Kazimzumbwi,319
6338,MAFIZI,319
6339,MANEROMANGO,319
6340,MARUI,319
6341,MARUMBO,319
6342,MASAKI,319
6343,MSANGA,319
6344,MSIMBU,319
6345,MZENGA,319
6346,VIHINGO,319
6347,VIKUMBURU,319
6348,BUPU,320
6349,Beta,320
6350,Dondo,320
6351,KIMANZICHANA,320
6352,KIPARANG'ANDA,320
6353,KISIJU,320
6354,KITOMONDO,320
6355,Kisegesege,320
6356,LUKANGA,320
6357,MAGAWA,320
6358,MBEZI,320
6359,MKAMBA,320
6360,MKURANGA,320
6361,MWARUSEMBE,320
6362,Mipeko,320
6363,Msonga,320
6364,Mwandege,320
6365,NJIANNE,320
6366,NYAMATO,320
6367,PANZUO,320
6368,SHUNGUBWENI,320
6369,TAMBANI,320
6370,Tengelea,320
6371,VIANZI,320
6372,VIKINDU,320
6373,BUNGU,321
6374,CHEMCHEM,321
6375,CHUMBI,321
6376,IKWIRIRI,321
6377,Kipugira,321
6378,MBWARA,321
6379,MGOMBA,321
6380,MKONGO,321
6381,MWASENI,321
6382,Mohoro,321
6383,NGARAMBE,321
6384,NGORONGO,321
6385,UMWE,321
6386,UTETE,321
6387,BALENI,322
6388,JIBONDO,322
6389,KANGA,322
6390,KIEGEANI,322
6391,KILINDONI,322
6392,KIRONGWE,322
6393,MIBURANI,322
6394,NDAGONI,322
6395,DIMANI,323
6396,KIBITI,323
6397,KIONGORONI,323
6398,MAHEGE,323
6399,MAPARONI,323
6400,MBUCHI,323
6401,MCHUKWI,323
6402,MJAWA,323
6403,MLANZI,323
6404,MSALA,323
6405,MTAWANYA,323
6406,MTUNDA,323
6407,MWAMBAO,323
6408,RUARUKE,323
6409,SALALE,323
6410,Chanji,324
6411,Izia,324
6412,Kasense,324
6413,Katandala,324
6414,Kizwite,324
6415,Lwiche,324
6416,Mafulala,324
6417,Majengo,324
6418,Malangali,324
6419,Matanga,324
6420,Mazwi,324
6421,Milanzi,324
6422,Mollo,324
6423,Momoka,324
6424,Msua,324
6425,Ntendo,324
6426,Pito,324
6427,Senga,324
6428,Sumbawanga,324
6429, Kalumbaleza,325
6430, Kanda,325
6431, Kilangawana,325
6432, Lyangalile,325
6433,Ikozi,325
6434,Ilemba,325
6435,Kaengesa,325
6436,Kalambanzite,325
6437,Kaoze,325
6438,Kapenta,325
6439,Kasanzama,325
6440,Kipeta,325
6441,Laela,325
6442,Lusaka,325
6443,Mfinga,325
6444,Miangalua,325
6445,Milepa,325
6446,Mnokola ,325
6447,Mpui,325
6448,Mpwapwa,325
6449,Msanda Muungano,325
6450,Mtowisa,325
6451,Muze,325
6452,Mwadui,325
6453,Nankanga,325
6454,Sandulula,325
6455,Zimba,325
6456,Chala,326
6457,ISALE,326
6458,Isale Asilia,326
6459,Isunta,326
6460,Itete,326
6461,Kabwe,326
6462,Kala,326
6463,Kate,326
6464,Kipande,326
6465,Kipili,326
6466,Kipindu,326
6467,Kirando,326
6468,Kizumbi,326
6469,Korongwe,326
6470,Majengo,326
6471,Mashete ,326
6472,Mkinga,326
6473,Mkwamba ,326
6474,Mtenga,326
6475,Myula             ,326
6476,Namanyere,326
6477,Ninde,326
6478,Nkandasi,326
6479,Nkomolo,326
6480,Ntatumbila,326
6481,Paramawe,326
6482,Sintali,326
6483,Wampembe,326
6484,  Samazi,327
6485,KATETE,327
6486,KISUMBA,327
6487,Kanyezi ,327
6488,Kasanga,327
6489,Katazi,327
6490,Kilesha,327
6491,Legezamwendo ,327
6492,Lyowa ,327
6493,MAMBWE KENYA,327
6494,Mambwe Nkoswe,327
6495,Matai,327
6496,Mbuluma,327
6497,Mkali,327
6498,Mkowe,327
6499,Mnamba,327
6500,Mpombwe ,327
6501,Msanzi,327
6502,Mwazye,327
6503,Mwimbi,327
6504,SOPA,327
6505,Sundu,327
6506,ULUMI,327
6507,Bombambili,328
6508,Lilambo,328
6509,Lizaboni,328
6510,Majengo,328
6511,Mashangano,328
6512,Matarawe,328
6513,Mateka,328
6514,Matogoro,328
6515,Mfaranyaki,328
6516,Misufini,328
6517,Mjimwema,328
6518,Mjini,328
6519,Mletele,328
6520,Msamala,328
6521,Mwengemshindo,328
6522,Ndilimalitembo,328
6523,Ruhuwiko,328
6524,Ruvuma,328
6525,Seedfarm,328
6526,Subira,328
6527,Tanga,328
6528,Gumbiro ,329
6529,Kilagano,329
6530,Kizuka,329
6531,Liganga,329
6532,Lilahi,329
6533,Litapwasi,329
6534,Litisha,329
6535,Lituta,329
6536,Magagula,329
6537,Mahanje ,329
6538,Maposeni,329
6539,Mateteleka ,329
6540,Matimila,329
6541,Matumbi,329
6542,Mbinga Mhalule,329
6543,Mkongotema,329
6544,Mpandangindo,329
6545,Mpitimbi,329
6546,Mtyangimbole,329
6547,Muhukuru,329
6548,Ndongosi,329
6549,Parangu,329
6550,Peramiho,329
6551,Wino,329
6552,Hanga,330
6553,Kitanda,330
6554,Ligera,330
6555,Likuyuseka,330
6556,Limamu,330
6557,Lisimonji,330
6558,Litola,330
6559,Luchili,330
6560,Luegu,330
6561,Lusewa,330
6562,Magazini,330
6563,Mchomoro,330
6564,Mgombasi,330
6565,Mkongo,330
6566,Mkongo Gulioni,330
6567,Mputa,330
6568,Msindo,330
6569,Msisima,330
6570,Namabengo,330
6571,Namtumbo,330
6572,Rwinga,330
6573,Amani  Makolo,331
6574,Betrehemu,331
6575,Kagugu,331
6576,Kambarage,331
6577,Kihangi Mahuka,331
6578,Kihungu,331
6579,Kikolo,331
6580,Kilimani,331
6581,Kingonsera,331
6582,Kipapa,331
6583,Kipololo,331
6584,Kitanda ,331
6585,Kitumbalomo,331
6586,Kitura,331
6587,Langiro,331
6588,Linda,331
6589,Litembo,331
6590,Litumbandyosi,331
6591,Luhuwiko,331
6592,Lukarasi,331
6593,Lusonga,331
6594,Luwaita,331
6595,Maguu,331
6596,Mapera,331
6597,Masumuni,331
6598,Matarawe,331
6599,Mateka,331
6600,Matiri,331
6601,Mbambi,331
6602,Mbangamao,331
6603,Mbinga Mjini,331
6604,Mbinga Mjini B,331
6605,Mbuji,331
6606,Mhongozi,331
6607,Mikalanga,331
6608,Mkako,331
6609,Mkumbi,331
6610,Mpapa,331
6611,Mpepai,331
6612,Muungano,331
6613,Myangayanga,331
6614,Namswea,331
6615,Ngima,331
6616,Nyoni,331
6617,Ruanda,331
6618,Ukata,331
6619,Utiri,331
6620,Wukiro,331
6621,Chiwanda,332
6622,Kihagara,332
6623,Kilosa,332
6624,Kingerikiti,332
6625,Linga,332
6626,Liparamba,332
6627,Lipingo,332
6628,Lituhi,332
6629,Liuli,332
6630,Liwundi,332
6631,Luhangarasi,332
6632,Lumeme,332
6633,Mbaha,332
6634,Mbambabay,332
6635,Mipotopoto,332
6636,Mpepo,332
6637,Mtipwili,332
6638,Ngumbo,332
6639,Tingi,332
6640,Upolo,332
6641, Tinginya,333
6642,Chiwana,333
6643,Jakika,333
6644,Kalulu,333
6645,Kidodoma,333
6646,Ligoma,333
6647,Ligunga,333
6648,Lukumbule,333
6649,Majengo,333
6650,Majimaji,333
6651,Marumba,333
6652,Masonya,333
6653,Matemanga,333
6654,Mbati ,333
6655,Mbesa,333
6656,Mchangani,333
6657,Mchesi,333
6658,Mchoteka,333
6659,Mchuluka,333
6660,Mindu,333
6661,Misechela,333
6662,Mlingoti Mashariki,333
6663,Mlingotini Magharibi,333
6664,Mtina,333
6665,Muhuwesi,333
6666,Nakapanya,333
6667,Nakayaya,333
6668,Nalasi Magharibi,333
6669,Nalasi Mashariki,333
6670,Namakambale,333
6671,Namasakata,333
6672,Namiungo,333
6673,Nampungu,333
6674,Namwinyu,333
6675,Nandembo,333
6676,Nanjoka,333
6677,Ngapa,333
6678,Sisi kwa sisi,333
6679,Tuwemacho,333
6680,Chamaguha,334
6681,Chibe,334
6682,Ibadakuli,334
6683,Ibinzamata,334
6684,Kambarage,334
6685,Kitangili,334
6686,Kizumbi,334
6687,Kolandoto,334
6688,Lubaga,334
6689,Masekelo,334
6690,Mjini,334
6691,Mwamalili,334
6692,Mwawaza,334
6693,Ndala,334
6694,Ndembezi,334
6695,Ngokolo,334
6696,Old Shinyanga,334
6697, Bukene,335
6698, Masengwa,335
6699, Mwalukwa,335
6700, Nyamalogo,335
6701, Puni,335
6702,Didia,335
6703,Ilola,335
6704,Imesela,335
6705,Iselamagazi,335
6706,Itwangi,335
6707,Lyabukande,335
6708,Lyabusalu,335
6709,Lyamidati,335
6710,Mwakitolyo,335
6711,Mwamala,335
6712,Mwantini ,335
6713,Mwenge,335
6714,Nsalala,335
6715,Nyida,335
6716,Pandagichiza,335
6717,Salawe,335
6718,Samuye,335
6719,Solwa,335
6720,Tinde,335
6721,Usanda,335
6722,Usule,335
6723,Bugarama,336
6724,Bukomela ,336
6725,Bulige,336
6726,Bulungwa,336
6727,Bulyan'hulu ,336
6728,Busangi,336
6729,Busoka,336
6730,Chambo,336
6731,Chela,336
6732,Chona,336
6733,Idahina,336
6734,Igunda ,336
6735,Igwamanoni,336
6736,Ikinda,336
6737,Isagehe,336
6738,Isaka,336
6739,Iyenze,336
6740,Jana,336
6741,Kagongwa ,336
6742,Kahama Mjini,336
6743,Kashishi ,336
6744,Kilago,336
6745,Kinaga,336
6746,Kinamapula,336
6747,Kisuke,336
6748,Lunguya,336
6749,Majengo,336
6750,Malunga,336
6751,Mapamba ,336
6752,Mega,336
6753,Mhongolo,336
6754,Mhungula,336
6755,Mondo ,336
6756,Mpunze,336
6757,Mwakata,336
6758,Mwalugulu,336
6759,Mwanase  ,336
6760,Mwandakulima,336
6761,Ngaya,336
6762,Ngogwa,336
6763,Ntobo,336
6764,Nyahanga,336
6765,Nyamilangano ,336
6766,Nyandekwa,336
6767,Nyankende ,336
6768,Nyasubi,336
6769,Nyihogo,336
6770,Sabasabini ,336
6771,Segese,336
6772,Shilela,336
6773,Ubagwe ,336
6774,Ukune,336
6775,Ulewe   ,336
6776,Ulowa,336
6777,Ushetu,336
6778,Uyogo,336
6779,Wendele,336
6780,Zongomera,336
6781,Bubiki,337
6782,Bunambiyu,337
6783,Bupipi,337
6784,Busangwa,337
6785,Idukilo,337
6786,Igaga,337
6787,Itilima,337
6788,Kiloleli,337
6789,Kishapu,337
6790,Lagana,337
6791,Maganzo,337
6792,Masanga,337
6793,Mondo,337
6794,Mwadui Lohumbo,337
6795,Mwakipoya,337
6796,Mwamalasa,337
6797,Mwamashele,337
6798,Mwasubi,337
6799,Mwataga,337
6800,Mwaweja,337
6801,Ndoleleji,337
6802,Ngofila,337
6803,Seke Bugoro,337
6804,Shagihilu,337
6805,Somagendi,337
6806,Songwa,337
6807,Talaga,337
6808,Uchunga,337
6809,Ukenyenge,337
6810,Bariadi,338
6811,Benemhi,338
6812,Bunamhala,338
6813,Dutwa,338
6814,Gambosi,338
6815,Gibishi,338
6816,Gilya,338
6817,Guduwi,338
6818,Ihusi,338
6819,Ikungulyabashashi,338
6820,Isanga,338
6821,Itubukilo,338
6822,Kasoli,338
6823,Kilalo,338
6824,Malambo,338
6825,Masewa,338
6826,Matongo,338
6827,Mhango,338
6828,Mwadobana,338
6829,Mwasubuya,338
6830,Mwaubingi,338
6831,Mwaumatondo,338
6832,Ngulyati,338
6833,Nkindwabiye,338
6834,Nkololo,338
6835,Nyakabindi,338
6836,Nyangokolwa,338
6837,Sakwe,338
6838,Sapiwi,338
6839,Sima,338
6840,Somanda,338
6841, Kinang’weli,339
6842, Zagayu,339
6843,Budalabujiga,339
6844,Bumera,339
6845,Chinamili,339
6846,Ikindilo,339
6847,Lagangabilili,339
6848,Luguru,339
6849,Mbita,339
6850,Mhunze,339
6851,Migato,339
6852,Mwalushu,339
6853,Mwamapalala,339
6854,Mwamtani,339
6855,Mwaswale,339
6856,Ndolelezi,339
6857,Nhobora,339
6858,Nkoma,339
6859,Nkuyu,339
6860,Nyamalapa,339
6861,Sagata,339
6862,Sawida,339
6863,BADI,340
6864,BUCHAMBI,340
6865,BUDEKWA,340
6866,BUSILILI,340
6867,Binza,340
6868,Bugarama,340
6869,Busangi,340
6870,DAKAMA,340
6871,IPILILO,340
6872,Isanga,340
6873,Jija,340
6874,KADOTO,340
6875,KULIMI,340
6876,LALAGO,340
6877,MALAMPAKA,340
6878,MASELA,340
6879,MPINDO,340
6880,MWAMANENGE,340
6881,MWAMASHIMBA,340
6882,MWAN'HONOLI,340
6883,Mataba,340
6884,Mbaragane,340
6885,Mwabaratulu,340
6886,Mwabayanda,340
6887,NG'WIGWA,340
6888,NGULINGULI,340
6889,NYABUBINZA,340
6890,Nyalikungu,340
6891,SENANI,340
6892,SENG'WA,340
6893,SHISHIYU,340
6894,SUKUMA,340
6895,Sangamwalugesha,340
6896,Shanwa,340
6897,Sola,340
6898,ZANZUI,340
6899,Bukundi,341
6900,Imalaseko,341
6901,Isengwa,341
6902,Itinje,341
6903,Kabondo,341
6904,Kimali,341
6905,Kisesa,341
6906,LINGEKA,341
6907,LUBIGA,341
6908,MWABUSALU,341
6909,MWAKISANDU,341
6910,MWANDOYA,341
6911,Mbugayabanghya,341
6912,Mbushi,341
6913,Mwabuma,341
6914,Mwabuzo,341
6915,Mwamalole,341
6916,Mwamanimba,341
6917,Mwamanongu,341
6918,Mwamishali,341
6919,Mwangudo,341
6920,Mwanhuzi,341
6921,Mwanjolo,341
6922,Mwanyahina,341
6923,Mwasengela,341
6924,Ng'hoboko,341
6925,Nkoma,341
6926,SAKASAKA,341
6927,TINDABULIGI,341
6928, Kiloleli,342
6929,Badugu,342
6930,Igalukilo,342
6931,Imalamate,342
6932,Kabita,342
6933,Kalemela,342
6934,Lamadi,342
6935,Lutubiga ,342
6936,Malili,342
6937,Mkula,342
6938,Mwamanyili,342
6939,Ngasamo,342
6940,Nyaluhande,342
6941,Nyashimo,342
6942,Shigala,342
6943,Ipembe,343
6944,Kindai,343
6945,Kisaki,343
6946,Majengo,343
6947,Mandewa,343
6948,Minga,343
6949,Misuna,343
6950,Mitunduruni,343
6951,Mtamaa,343
6952,Mtipa,343
6953,Mughanga,343
6954,Mungumaji,343
6955,Mwankoko,343
6956,Uhamaka,343
6957,Unyambwa,343
6958,Unyamikumbi,343
6959,Unyianga,343
6960,Utemini,343
6961,Ikhanoda,344
6962,Ilongero,344
6963,Itaja,344
6964,Kijota,344
6965,Kinyagigi,344
6966,Kinyeto,344
6967,Maghojoa,344
6968,Makuro,344
6969,Merya,344
6970,Mgori,344
6971,Mrama,344
6972,Msange ,344
6973,Msisi,344
6974,Mtinko,344
6975,Mudida,344
6976,Mughamo,344
6977,Mughunga,344
6978,Mwasauya,344
6979,Ngimu,344
6980,Ntonge,344
6981,Ughandi,344
6982,Kaselya,345
6983,Kidaru,345
6984,Kinampanda,345
6985,Kiomboi,345
6986,Kisiriri,345
6987,Kyengenge,345
6988,Maluga,345
6989,Mbelekese,345
6990,Mgongo,345
6991,Mtekente,345
6992,Mtoa,345
6993,Mukulu ,345
6994,Ndago,345
6995,Ndulungu,345
6996,Ntwike,345
6997,Old Kiomboi,345
6998,Shelui,345
6999,Tulya,345
7000,Ulemo,345
7001,Urughu,345
7002,Aghondi,346
7003,Chikola,346
7004,Chikuyu,346
7005,Heka ,346
7006,Idodyandole,346
7007,Ipande,346
7008,Isseke,346
7009,Itigi Majengo ,346
7010,Itigi Mjini,346
7011,Kalangali,346
7012,Kintinku,346
7013,Kitaraka,346
7014,Majiri,346
7015,Makanda,346
7016,Makuru,346
7017,Makutopora,346
7018,Manyoni Urban,346
7019,Maweni,346
7020,Mgandu,346
7021,Mitundu,346
7022,Mkwese,346
7023,Muhalala ,346
7024,Mwamagembe ,346
7025,Nkonko,346
7026,Rungwa,346
7027,Sanjaranda,346
7028,Sanza,346
7029,Saranda,346
7030,Sasajila,346
7031,Sasilo,346
7032,Solya,346
7033,Tambukareli,346
7034,Gumanga,347
7035,Ibaga,347
7036,Iguguno,347
7037,Ilunda,347
7038,Kikhonda,347
7039,Kinampundu,347
7040,Kinyangiri,347
7041,Matongo,347
7042,Miganga,347
7043,Mpambala,347
7044,Msingi,347
7045,Mwanga,347
7046,Mwangeza,347
7047,Nduguti,347
7048,Nkalakala,347
7049,Nkinto,347
7050,Tumuli,347
7051,Dung'unyi,348
7052,Ighombwe,348
7053,Iglansoni,348
7054,Ihanja,348
7055,Ikungi,348
7056,Irisya,348
7057,Isseke,348
7058,Issuna,348
7059,Iyumbu,348
7060,Kikio,348
7061,Kituntu,348
7062,Lighwa,348
7063,Makilawa,348
7064,Makiungu ,348
7065,Mang'onyi,348
7066,Mgungira,348
7067,Minyughe,348
7068,Misughaa,348
7069,Mkiwa ,348
7070,Mtunduru,348
7071,Muhintiri,348
7072,Mungaa,348
7073,Mwaru,348
7074,Ntuntu,348
7075,Puma,348
7076,Sepuka,348
7077,Siuyu,348
7078,Unyahati,348
7079,Chemchem,349
7080,Cheyo,349
7081,Gongoni,349
7082,Ifucha,349
7083,Ikomwa,349
7084,Ipuli,349
7085,Isevya,349
7086,Itetemia,349
7087,Itonjanda,349
7088,Kabila,349
7089,Kakola,349
7090,Kalunde,349
7091,Kanyenye,349
7092,Kidongochekundu,349
7093,Kiloleni,349
7094,Kitete,349
7095,Malolo,349
7096,Mapambano,349
7097,Mbugani,349
7098,Misha,349
7099,Mpela,349
7100,Mtenedeni,349
7101,Mwinyi,349
7102,Ndevelwa,349
7103,Ng'ambo,349
7104,Ntalikwa,349
7105,Tambuka-Reli,349
7106,Tumbi,349
7107,Uyui,349
7108,Bukumbi,350
7109,Goweko,350
7110,Ibelamilundi,350
7111,Ibiri,350
7112,Igalula,350
7113,Igulungu ,350
7114,Ikongolo,350
7115,Ilolangulu,350
7116,Isikizya,350
7117,Isila ,350
7118,Kalola    ,350
7119,Kigwa,350
7120,Kizengi,350
7121,Loya,350
7122,Lutende,350
7123,Mabama,350
7124,Magiri,350
7125,Makazi,350
7126,Miswaki,350
7127,Miyenze,350
7128,Mmale ,350
7129,Ndono,350
7130,Nsimbo,350
7131,Nsololo,350
7132,Nzubuka,350
7133,Shitage,350
7134,Tura,350
7135,Ufuluma,350
7136,Upuge,350
7137,Usagari,350
7138,Chabutwa,351
7139,Igigwa,351
7140,Ipole,351
7141,Kiloleli,351
7142,Kiloli,351
7143,Kilumbi ,351
7144,Kipanga,351
7145,Kipili,351
7146,Kisanga,351
7147,Kitunda,351
7148,Misheni,351
7149,Mkolye,351
7150,Mole,351
7151,Mpombwe,351
7152,Ngoywa,351
7153,Nyahua ,351
7154,Pangale,351
7155,Sikonge,351
7156,Tutuo,351
7157,Usunga,351
7158, Uduka,352
7159,Budushi,352
7160,Bukene,352
7161,Igusule,352
7162,Ijanija,352
7163,Ikindwa,352
7164,Isagenhe,352
7165,Isanzu,352
7166,Itilo,352
7167,Itobo,352
7168,Kamanhalanga,352
7169,Karitu,352
7170,Kasela,352
7171,Kitangili,352
7172,Lusu,352
7173,Magengati,352
7174,Mambali,352
7175,Mbagwa,352
7176,Mbogwe,352
7177,Mbutu,352
7178,Miguwa,352
7179,Milambo Itobo,352
7180,Mizibaziba,352
7181,Mogwa,352
7182,Muhugi,352
7183,Mwakashanhala,352
7184,Mwamala,352
7185,Mwangoye,352
7186,Mwantundu,352
7187,Mwanzoli ,352
7188,Mwasala,352
7189,Nata,352
7190,Ndala,352
7191,Nkiniziwa,352
7192,Nzega Mjini Magharibi,352
7193,Nzega Mjini Mashariki,352
7194,Nzega Ndogo,352
7195,Puge,352
7196,Semembela,352
7197,Shigamba,352
7198,Sigili,352
7199,Tongi,352
7200,Uchama,352
7201,Ugembe,352
7202,Utwigu,352
7203,Wela,352
7204,Imalamakoye,353
7205,Itundu,353
7206,Kapilula,353
7207,Kasisi,353
7208,Kiloleni,353
7209,Kiyungi,353
7210,Mchikichini,353
7211,Muungano,353
7212,Nsenda,353
7213,Songambele,353
7214,Ugala,353
7215,Ukondamoyo,353
7216,Urambo,353
7217,Usisya,353
7218,Ussoke,353
7219,Uyogo,353
7220,Uyumbu,353
7221,Vumilia,353
7222,Bukoko,354
7223,Chabutwa,354
7224,Chomachankola,354
7225,Iborogelo,354
7226,Igoweko,354
7227,Igunga,354
7228,Igurubi,354
7229,Isakamaliwa,354
7230,Itumba,354
7231,Itunduru,354
7232,Kining'inila,354
7233,Kinungu,354
7234,Kitangili,354
7235,Lugubu,354
7236,Mbutu,354
7237,Mtunguru,354
7238,Mwamakoma,354
7239,Mwamala,354
7240,Mwamashiga,354
7241,Mwamashimba,354
7242,Mwashikumbili,354
7243,Mwisi,354
7244,Nanga ,354
7245,Ndembezi,354
7246,Ngulu,354
7247,Nguvumoja,354
7248,Nkinga,354
7249,Ntobo,354
7250,Nyandekwa,354
7251,Simbo,354
7252,Sungwizi,354
7253,Tambalale,354
7254,Ugaka,354
7255,Uswaya,354
7256,Ziba,354
7257,Ichemba,355
7258,Igagala,355
7259,Igombemkulu,355
7260,Igwisi,355
7261,Ilege,355
7262,Kaliua,355
7263,Kamsekwa,355
7264,Kanoge,355
7265,Kashishi,355
7266,Kazaroho,355
7267,Kona nne,355
7268,Makingi,355
7269,Milambo,355
7270,Mkindo,355
7271,Mwongozo,355
7272,Nhwande,355
7273,Sasu,355
7274,Seleli,355
7275,Silambo,355
7276,Ufukutwa,355
7277,Ugunga,355
7278,Ukumbi Siganga,355
7279,Usenye,355
7280,Ushokola,355
7281,Usimba,355
7282,Usinge,355
7283,Uyowa,355
7284,Zugimlole,355
7285,Central,356
7286,Chumbageni,356
7287,Duga,356
7288,Mabawa,356
7289,Magaoni,356
7290,Majengo,356
7291,Makorora,356
7292,Masiwani,356
7293,Mnyanjani,356
7294,Msambweni,356
7295,Mwanzange,356
7296,Mzingani,356
7297,Ngamiani Kaskazini,356
7298,Ngamiani Kati,356
7299,Ngamiani Kusini,356
7300,Nguvumali,356
7301,Usagara,356
7302,Chongoleani,357
7303,Kiomoni,357
7304,Kirare,357
7305,Mabokweni,357
7306,Marungu,357
7307,Maweni,357
7308,Mzizima,357
7309,Pongwe,357
7310,Tangasisi,357
7311,Tongoni,357
7312,BUSHIRI,358
7313,BWENI,358
7314,KIMANG'A,358
7315,KIPUMBWI,358
7316,MADANGA,358
7317,MIKINGUNI,358
7318,MKALAMO,358
7319,MKWAJA,358
7320,MWERA,358
7321,Masaika,358
7322,PANGANI ,358
7323,PANGANI ,358
7324,TUNGAMAA,358
7325,UBANGAA,358
7326, Kwezitu,359
7327,Amani,359
7328,Bwembwera,359
7329,Genge,359
7330,Kicheba,359
7331,Kigombe,359
7332,Kilulu,359
7333,Kisiwani,359
7334,Kwabada,359
7335,Kwafungo,359
7336,Kwakifua,359
7337,Kwemingoji,359
7338,Kwemkabala,359
7339,Lusanga,359
7340,Magila,359
7341,Magoroto,359
7342,Majengo,359
7343,Makole,359
7344,Masuguru,359
7345,Mbaramo,359
7346,Mbomole,359
7347,Mhamba,359
7348,Misalai,359
7349,Misozwe,359
7350,Mkuzi,359
7351,Mlingano,359
7352,Mpapayu,359
7353,Mtindiro,359
7354,Ngomeni,359
7355,Nkumba,359
7356,Pande Darajani,359
7357,Potwe,359
7358,Songa,359
7359,Tanganyika ,359
7360,Tingeni,359
7361,Tongwe,359
7362,Zirai,359
7363, Mayomboni,360
7364,Boma,360
7365,Bosha,360
7366,Bwiti,360
7367,Daluni,360
7368,Doda,360
7369,Duga,360
7370,Gombero,360
7371,Kigongoi Magharibi,360
7372,Kigongoi Mashariki,360
7373,Kwale,360
7374,Manza,360
7375,Mapatano,360
7376,Maramba,360
7377,Mhinduro,360
7378,Mkinga,360
7379,Mnyenzani,360
7380,Moa,360
7381,Mtimbwani,360
7382,Mwakijembe,360
7383,Parungu Kasera,360
7384,Sigaya,360
7385,Bagamoyo,361
7386,Bungu,361
7387,Chekelei,361
7388,Dindira,361
7389,Foroforo,361
7390,Hale,361
7391,Kalalani,361
7392,Kerenge,361
7393,Kilole,361
7394,Kizara,361
7395,Kwagunda,361
7396,Kwamndolwa,361
7397,Kwamsisi,361
7398,Kwashemshi,361
7399,Lewa,361
7400,Lutindi,361
7401,Magamba ,361
7402,Magila Gereza,361
7403,Magoma,361
7404,Magunga,361
7405,Majengo,361
7406,Makumba,361
7407,Makuyuni,361
7408,Manundu,361
7409,Mashewa,361
7410,Masuguru,361
7411,Mazinde,361
7412,Mgombezi,361
7413,Mgwashi,361
7414,Mkalamo,361
7415,Mkomazi,361
7416,Mkumbala,361
7417,Mlungui,361
7418,Mnyuzi,361
7419,Mombo,361
7420,Mpale,361
7421,Mswaha,361
7422,Mtonga,361
7423,Old Korogwe,361
7424,Vugiri,361
7425, Mamba,362
7426,Baga,362
7427,Bumbuli,362
7428,DULE 'M',362
7429,"Dule '"B'"",362
7430,Funta,362
7431,GARE,362
7432,HEMTOYE,362
7433,KILOLE,362
7434,KWAI,362
7435,KWEKANGA,362
7436,KWEMASHAI,362
7437,KWEMSHASHA,362
7438,Kisiwani,362
7439,Kwemkomole,362
7440,LUKOZI,362
7441,LUNGUZA,362
7442,LUSHOTO,362
7443,MAKANYA,362
7444,MALIBWI,362
7445,MALINDI,362
7446,MANOLO,362
7447,MBARAMO,362
7448,MLALO,362
7449,MLOLA,362
7450,MNAZI,362
7451,MNG'ARO,362
7452,MTAE,362
7453,MWANGOI,362
7454,Magamba,362
7455,Mahezangulu,362
7456,Mayo,362
7457,Mbaru,362
7458,Mbuzii,362
7459,Mbwei,362
7460,Mgwashi,362
7461,Migambo,362
7462,Milingano,362
7463,Mponde,362
7464,NGULWI,362
7465,NGWELO,362
7466,Nkongoi,362
7467,RANGWI,362
7468,SHUME,362
7469,SUNGA,362
7470,Shagayu,362
7471,Soni,362
7472,Tamota,362
7473,UBIRI,362
7474,Usambara,362
7475,Vuga,362
7476,Chanika,363
7477,Kabuku,363
7478,Kabuku Ndani,363
7479,Kang'ata,363
7480,Kideleko,363
7481,Kitumbi,363
7482,Kiva,363
7483,Komkonga,363
7484,Konje,363
7485,Kwachaga,363
7486,Kwaluguru,363
7487,Kwamagome,363
7488,Kwamatuku,363
7489,Kwamgwe,363
7490,Kwamsisi,363
7491,Kwankonje,363
7492,Kwasunga,363
7493,Kwediyamba,363
7494,Kwedizinga,363
7495,Kwenjugo,363
7496,Mabanda,363
7497,Malezi,363
7498,Mazingara,363
7499,Mdoe,363
7500,Mgambo,363
7501,Misima,363
7502,Mkata,363
7503,Mlimani,363
7504,Msasa,363
7505,Ndolwa,363
7506,Segera,363
7507,Sindeni,363
7508,Vibaoni ,363
7509,Bokwa,364
7510,JAILA,364
7511,KIBIRASHI,364
7512,KIKUNDE,364
7513,KILINDI,364
7514,KILWA,364
7515,KIMBE,364
7516,KISANGASA,364
7517,KWEDIBOMA,364
7518,KWEKIVU,364
7519,LWANDE,364
7520,MABALANGA,364
7521,MASAGALU,364
7522,MKINDI,364
7523,MSANJA,364
7524,MVUNGWE,364
7525,NEGERO,364
7526,Pagwi,364
7527,SAUNYI,364
7528,SONGE,364
7529,TUNGULI,364
7530,Kinowe,365
7531,Kiuyu Maziwang'ombe ,365
7532,Konde,365
7533,Mgogoni ,365
7534,Micheweni,365
7535,Msuka,365
7536,Shumba Viamboni,365
7537,Tumbe,365
7538,Wingwi Mapofu ,365
7539,Wingwi Njuguni ,365
7540,Bopwe,366
7541,Fundo,366
7542,Gando,366
7543,Jadida,366
7544,Kangagani,366
7545,Kipangani,366
7546,Kisiwani,366
7547,Kizimbani,366
7548,Kojani,366
7549,Limbani,366
7550,Mchanga Mdogo,366
7551,Mtambwe,366
7552,Ole,366
7553,Pandani,366
7554,Selemu,366
7555,Shengejuu,366
7556,Utaani,366
7557,Bububu,367
7558,Dimani,367
7559,Fuoni,367
7560,Kiembesamaki,367
7561,Kijitoupele,367
7562,Kizimbani,367
7563,Magogoni,367
7564,Mbuzini,367
7565,Mfenesini,367
7566,Mtoni,367
7567,Mwanakwerekwe,367
7568,Mwanyanya,367
7569,Mwera,367
7570,Tomondo,367
7571,Welezo,367
7572,Amani,368
7573,Chumbuni,368
7574,Jang'ombe,368
7575,Kikwajuni,368
7576,Kilimahewa,368
7577,Kwaalinathoo,368
7578,Kwahani,368
7579,Kwamtipura,368
7580,Magomeni,368
7581,Makadara,368
7582,Mchangani,368
7583,Meya,368
7584,Miembeni,368
7585,Mkele,368
7586,Mkunazini,368
7587,Mpendae,368
7588,Muungano,368
7589,Mwembe Makumbi,368
7590,Nyerere,368
7591,Rahaleo,368
7592,Chachani,369
7593,Chanjaani,369
7594,Chonga,369
7595,Kichungwani,369
7596,Kilindi,369
7597,Kwale,369
7598,Mkoroshoni,369
7599,Msingini,369
7600,Ndagoni,369
7601,Ng'ambwa,369
7602,Pujini,369
7603,Shungi,369
7604,Tibirinzi,369
7605,Vitongoji,369
7606,Wara,369
7607,Wawi,369
7608,Ziwani,369
7609,Chambani,370
7610,Changaweni,370
7611,Chokocho,370
7612,Kangani,370
7613,Kengeja,370
7614,Kisiwa Panza,370
7615,Kiwani,370
7616,Makombeni,370
7617,Makoongwe,370
7618,Mbuguani,370
7619,Mbuyuni,370
7620,Mizingani,370
7621,Mkanyageni,370
7622,Mtambile,370
7623,Muambe,370
7624,Ng'ombeni,370
7625,Uweleni,370
7626,Wambaa,370
7627,Chaani,371
7628,Gamba,371
7629,Kidoti,371
7630,Kinyasini,371
7631,Kivunge,371
7632,Matemwe,371
7633,Mkokotoni,371
7634,Mkwajuni,371
7635,Muwange,371
7636,Nungwi,371
7637,Pwani Mchangani,371
7638,Fujoni,372
7639,Kitope,372
7640,Mahonda,372
7641,Makoba,372
7642,Mangapwani,372
7643,Mbiji,372
7644,Mgambo,372
7645,Mtambile,372
7646,Muanda,372
7647,Upenja,372
7648,Bambi,373
7649,Chwaka,373
7650,Dunga,373
7651,Jumbi,373
7652,Kibojeu,373
7653,Koani,373
7654,Michamvi,373
7655,Ndijani,373
7656,Unguja Ukuu,373
7657,Uzi,373
7658,Uzini,373
7659,Bwejuu,374
7660,Kajengwa,374
7661,Kibigija,374
7662,Kikadini,374
7663,Kizimkazi,374
7664,Mtegani,374
7665,Mtende,374
7666,Muungoni,374
7667,Muyuni,374
7668,Mzuri,374
7669,Paje,374
7670,Chang'ombe,375
7671,Galula,375
7672,Gua,375
7673,Ifwenkenya,375
7674,Kanga,375
7675,Kapalala,375
7676,Magamba,375
7677,Manda,375
7678,Mbangala,375
7679,Mbuyuni,375
7680,Mkwajuni,375
7681,Mpona,375
7682,Mwambani,375
7683,Namkukwe,375
7684,Ngwala,375
7685,Saza,375
7686,Totowe,375
7687,Bara,376
7688,Halungu,376
7689,Hasamba,376
7690,Hasanga,376
7691,Hezya,376
7692,Ichenjezya,376
7693,Idiwili,376
7694,Igamba,376
7695,Ihanda,376
7696,Ilolo,376
7697,Ipunga,376
7698,Isandula,376
7699,Isansa,376
7700,Itaka,376
7701,Itumpi,376
7702,Iyula,376
7703,Kilimampimbi,376
7704,Magamba,376
7705,Mlangali,376
7706,Mlowo,376
7707,Msia,376
7708,Myovizi,376
7709,Nambinzo,376
7710,Nanyala,376
7711,Nyimbili,376
7712,Ruanda,376
7713,Shiwinga,376
7714,Vwawa,376
7715,Wasa,376
7716,Bupigu,377
7717,Chitete,377
7718,Ibaba,377
7719,Ikinga,377
7720,Isongole,377
7721,Itale,377
7722,Itumba,377
7723,Kafule,377
7724,Kalembo,377
7725,Lubanda,377
7726,Luswisi,377
7727,Malangali,377
7728,Mbebe,377
7729,Mlale,377
7730,Ndola,377
7731,Ngulilo,377
7732,Ngulugulu,377
7733,Sange,377
7734,Chapwa,378
7735,Chilulumo,378
7736,Chipaka,378
7737,Chitete,378
7738,Chiwezi,378
7739,Ikana,378
7740,Ivuna,378
7741,Kaloleni,378
7742,Kamsamba,378
7743,Kapele,378
7744,Katete,378
7745,Majengo,378
7746,Makambini,378
7747,Maporomoko,378
7748,Mkomba,378
7749,Mkulwe,378
7750,Mpande,378
7751,Mpapa,378
7752,Mpemba,378
7753,Msangano,378
7754,Muungano,378
7755,Mwakakati,378
7756,Myunga,378
7757,Ndalambo,378
7758,Nkangamo,378
7759,Nzoka,378
7760,Sogea,378
7761,Tunduma,378
7762,Uwanjani,378
7763,Buhongwa,379
7764,Butimba,379
7765,Igogo,379
7766,Igoma,379
7767,Isamilo,379
7768,Kishili,379
7769,Luchelele,379
7770,Lwanhima,379
7771,Mabatini,379
7772,Mahina,379
7773,Mbugani,379
7774,Mhandu,379
7775,Mirongo,379
7776,Mkolani,379
7777,Mkuyuni,379
7778,Nyamagana,379
7779,Nyegezi,379
7780,Pamba,379
7781,Bugogwa,380
7782,Buswelu,380
7783,Buzuruga,380
7784,Ibungilo,380
7785,Ilemela,380
7786,Kahama,380
7787,Kawekamo,380
7788,Kayenze,380
7789,Kirumba,380
7790,Kiseke,380
7791,Kitangiri,380
7792,MECCO,380
7793,Nyakato,380
7794,Nyamanoro,380
7795,Nyamhongolo,380
7796,Nyasaka,380
7797,Pasiansi,380
7798,Sangabuye,380
7799,Shibula,380
7802,Bitoto,381
7807,Busisi,381
7803,Bugoro,386
7804,Bukokwa,386
7805,Bulyaheke,386
7800, Kazunzu,386
7808,Buyagu,381
7809,Buzilasoga,381
7810,Chifunfu,381
7811,Ibisabageni,381
7812,Ibondo,381
7813,Igalula,381
7814,Igulumuki,381
7818,Kagunga,381
7819,Kahumulo,381
7821,Kasenyi,381
7823,Kasungamile,381
7824,Katunguru,381
7826,Kishinda,381
7830,Mission,381
7831,Mwabaluhi,381
7832,Ngoma,381
7836,Nyamatongo,381
7837,Nyamazugo,381
7838,Nyamizeze,381
7839,Nyampande,381
7840,Nyampulukano,381
7842,Nyatukara,381
7844,Sima,381
7845,Tabaruka,381
7847,Buhumbi,382
7848,Bujashi,382
7849,Bujora,382
7850,Bukandwe,382
7851,Chabula,382
7852,Isandula,382
7853,Itumbili,382
7854,Jinjimili,382
7855,Kabila,382
7856,Kahangara,382
7857,Kandawe,382
7858,Kisesa,382
7859,Kitongo sima,382
7860,Kongolo,382
7861,Lubugu,382
7862,Lutale,382
7863,Magu mjini,382
7864,Mwamabanza,382
7865,Mwamanga,382
7866,Ng'haya,382
7867,Nkungulu,382
7868,Nyanguge,382
7869,Nyigogo,382
7870,Shishani,382
7871,Sukuma,382
7872,Buhingo,383
7873,Bulemeji,383
7874,Busongo,383
7875,Fella,383
7876,Gulumungu,383
7877,Idetemya,383
7878,Igokelo,383
7879,Ilujamate,383
7880,Isengengeja,383
7881,Isesa,383
7882,Kanyelele,383
7883,Kasololo,383
7884,Kijima,383
7885,Koromije,383
7886,Lubili,383
7887,Mabuki,383
7888,Mamaye,383
7889,Mbarika,383
7890,Misasi,383
7891,Missungwi,383
7892,Mondo,383
7893,Mwaniko,383
7894,Nhundulu,383
7895,Shilalo,383
7896,Sumbugu,383
7897,Ukiliguru,383
7898,Usagara,383
7899,Bukanda,384
7900,Bukiko,384
7901,Bukindo,384
7902,Bukongo,384
7903,Bukungu,384
7904,Bwiro,384
7905,Bwisya,384
7906,Igalla,384
7907,Ilangala,384
7908,Irugwa,384
7909,Kagera,384
7910,Kagunguli,384
7911,Kakerege,384
7912,Kakukuru,384
7913,Mukituntu,384
7914,Muriti,384
7915,Murutunguru,384
7916,Nakatunguru,384
7917,Namagondo,384
7918,Namilembe,384
7919,Nansio,384
7920,Nduruma,384
7921,Ngoma,384
7922,Nkilizya,384
7923,Nyamanga,384
7924,Bugando,385
7925,Bungulwa,385
7926,Bupamwa,385
7927,Fukalo,385
7928,Hungumalwa,385
7929,Igongwa,385
7930,Ilula,385
7931,Iseni,385
7932,Kikubiji,385
7933,Lyoma,385
7934,Maligisu,385
7935,Malya,385
7936,Mantare,385
7937,Mhande,385
7938,Mwabomba,385
7939,Mwagi,385
7940,Mwakilyambiti,385
7941,Mwamala,385
7942,Mwandu,385
7943,Mwang'halanga,385
7944,Mwankulwe,385
7945,Ng'hundi,385
7946,Ngudu,385
7947,Ngulla,385
7948,Nkalalo,385
7949,Nyambiti,385
7950,Nyamilama,385
7951,Shilembo,385
7952,Sumve,385
7953,Walla,385
7801,Bangwe,386
7806,Bupandwa,386
7815,Iligamba,386
7816,Irenza,386
7817,Kafunzo,386
7820,Kalebezo,386
7822,Kasisa,386
7825,Katwe,386
7827,Lugata,386
7828,Luhuza,386
7829,Maisome,386
7833,Nyakaliro,386
7834,Nyakasasa,386
7835,Nyakasungwa,386
7841,Nyanzenda,386
7843,Nyehunge,386
7846,Uharanyonga,386
7954,Babati,387
7955,Bagara,387
7956,Bonga,387
7957,Maisaka,387
7958,Mutuka,387
7959,Nangara,387
7960,Sigino,387
7961,Singe,387
7962,Arri,388
7963,Ayalagaya,388
7964,Ayasanda,388
7965,Bashnet,388
7966,Boay,388
7967,Dabil,388
7968,Dareda,388
7969,Duru,388
7970,Endakiso,388
7971,Gallapo,388
7972,Gidas,388
7973,Kiru,388
7974,Kisangaji,388
7975,Madunga,388
7976,Magara,388
7977,Magugu,388
7978,Mamire,388
7979,Mwada,388
7980,Nar,388
7981,Nkaiti,388
7982,Qameyu,388
7983,Qash,388
7984,Riroda,388
7985,Secheda,388
7986,Ufana,388
7987,Balangdalalu,389
7988,Bassodesh,389
7989,Bassotu,389
7990,Darwar,389
7991,Dirma,389
7992,Dumbeta,389
7993,Endagaw ,389
7994,Endasak,389
7995,Endasiwold,389
7996,Ganana,389
7997,Garawja ,389
7998,Gehandu,389
7999,Gendabi,389
8000,Getanuwas,389
8001,Gidahababieg,389
8002,Gisambalang,389
8003,Gitting,389
8004,Hidet,389
8005,Hirbadaw,389
8006,Ishponga ,389
8007,Jordon,389
8008,Katesh,389
8009,Laghanga,389
8010,Lalaji,389
8011,Masakta,389
8012,Masqaroda,389
8013,Measkron,389
8014,Mogitu,389
8015,Mulbadaw ,389
8016,Nangwa,389
8017,Simbay,389
8018,Sirop,389
8019,Wareta,389
8020,Ayamaani,390
8021,Ayomohe,390
8022,Bargish,390
8023,Bashay,390
8024,Daudi,390
8025,Dinamu          ,390
8026,Dongobesh,390
8027,Endagokot,390
8028,Endahagichan,390
8029,Endamilay,390
8030,Eshkesh                  ,390
8031,Gehandu,390
8032,Geterer,390
8033,Gidhimu,390
8034,Gunyoda ,390
8035,Haydarer ,390
8036,Haydom,390
8037,Imboru,390
8038,Kainam,390
8039,Labay,390
8040,Maghang,390
8041,Marangw ,390
8042,Maretadu,390
8043,Masieda,390
8044,Masqaroda ,390
8045,Muray,390
8046,Nahasey ,390
8047,Nambis  ,390
8048,Sanu Baray,390
8049,Silaloda,390
8050,Tlawi,390
8051,Tumati,390
8052,Uhuru,390
8053,Yaeda Ampa,390
8054,Yaedachini,390
8055,Bwagamoyo  ,391
8056,Bwawani,391
8057,Chapakazi,391
8058,Dongo,391
8059,Dosidosi,391
8060,Engusero,391
8061,Kaloleni,391
8062,Kibaya,391
8063,Kijungu,391
8064,Laiseri,391
8065,Lengatei,391
8066,Loolera,391
8067,Magungu,391
8068,Makame,391
8069,Matui,391
8070,Namelock,391
8071,Ndedo,391
8072,Ndirgishi,391
8073,Njoro,391
8074,Olboloti,391
8075,Partimbo,391
8076,Songambele,391
8077,Sunya,391
8078,Edonyongijape,392
8079,Emboreet,392
8080,Endiamutu,392
8081,Kitwai,392
8082,Komolo,392
8083,Langai,392
8084,Loiborsiret,392
8085,Loiborsoit,392
8086,Mererani,392
8087,Msitu wa Tembo,392
8088,Naberera,392
8089,Naisinyai,392
8090,Ngorika,392
8091,Oljoro Namba 5,392
8092,Orkesumet,392
8093,Ruvu Remit,392
8094,Shambarai,392
8095,Terrat,392
